{
  "content_type": "CGSHOP2026_Instance",
  "instance_uid": "example_ps_100_nt8_pfd20_random",
  "points_x": [
    139,
    254,
    288,
    782,
    649,
    289,
    512,
    326,
    414,
    653,
    456,
    501,
    425,
    946,
    997,
    975,
    588,
    109,
    614,
    240,
    849,
    801,
    472,
    316,
    337,
    439,
    872,
    891,
    986,
    427,
    322,
    494,
    28,
    893,
    937,
    717,
    980,
    960,
    612,
    694,
    643,
    527,
    498,
    449,
    566,
    947,
    761,
    587,
    561,
    464,
    278,
    60,
    29,
    296,
    565,
    841,
    657,
    784,
    360,
    417,
    99,
    728,
    69,
    661,
    774,
    128,
    332,
    582,
    5,
    576,
    773,
    75,
    305,
    547,
    323,
    99,
    210,
    823,
    409,
    315,
    168,
    493,
    357,
    998,
    145,
    984,
    65,
    383,
    773,
    958,
    473,
    916,
    318,
    87,
    353,
    654,
    286,
    170,
    411,
    578
  ],
  "points_y": [
    969,
    498,
    249,
    448,
    312,
    766,
    920,
    136,
    353,
    488,
    248,
    748,
    537,
    378,
    746,
    610,
    240,
    558,
    994,
    416,
    707,
    44,
    231,
    533,
    524,
    602,
    774,
    444,
    245,
    129,
    797,
    757,
    255,
    853,
    29,
    552,
    607,
    145,
    170,
    977,
    136,
    60,
    210,
    720,
    133,
    660,
    219,
    399,
    270,
    555,
    745,
    751,
    633,
    383,
    995,
    80,
    298,
    127,
    755,
    422,
    527,
    704,
    550,
    623,
    487,
    749,
    81,
    601,
    397,
    329,
    36,
    203,
    522,
    587,
    684,
    26,
    253,
    631,
    494,
    644,
    270,
    22,
    144,
    95,
    808,
    98,
    153,
    482,
    27,
    5,
    369,
    895,
    176,
    31,
    308,
    542,
    148,
    243,
    325,
    561
  ],
  "triangulations": [
    [
      [
        58,
        74
      ],
      [
        76,
        94
      ],
      [
        4,
        35
      ],
      [
        65,
        84
      ],
      [
        5,
        65
      ],
      [
        33,
        63
      ],
      [
        33,
        91
      ],
      [
        4,
        47
      ],
      [
        28,
        83
      ],
      [
        36,
        91
      ],
      [
        48,
        90
      ],
      [
        59,
        90
      ],
      [
        75,
        93
      ],
      [
        71,
        93
      ],
      [
        70,
        81
      ],
      [
        41,
        70
      ],
      [
        41,
        81
      ],
      [
        30,
        58
      ],
      [
        12,
        16
      ],
      [
        39,
        91
      ],
      [
        2,
        76
      ],
      [
        8,
        60
      ],
      [
        60,
        62
      ],
      [
        14,
        91
      ],
      [
        0,
        54
      ],
      [
        0,
        84
      ],
      [
        52,
        79
      ],
      [
        32,
        93
      ],
      [
        25,
        79
      ],
      [
        29,
        82
      ],
      [
        63,
        73
      ],
      [
        13,
        37
      ],
      [
        17,
        52
      ],
      [
        17,
        73
      ],
      [
        66,
        81
      ],
      [
        16,
        49
      ],
      [
        86,
        93
      ],
      [
        13,
        55
      ],
      [
        74,
        79
      ],
      [
        30,
        74
      ],
      [
        8,
        62
      ],
      [
        3,
        46
      ],
      [
        46,
        64
      ],
      [
        39,
        61
      ],
      [
        18,
        43
      ],
      [
        17,
        49
      ],
      [
        43,
        79
      ],
      [
        46,
        77
      ],
      [
        38,
        56
      ],
      [
        4,
        56
      ],
      [
        4,
        38
      ],
      [
        18,
        79
      ],
      [
        6,
        18
      ],
      [
        26,
        27
      ],
      [
        13,
        27
      ],
      [
        13,
        26
      ],
      [
        18,
        54
      ],
      [
        54,
        84
      ],
      [
        18,
        84
      ],
      [
        13,
        15
      ],
      [
        15,
        26
      ],
      [
        51,
        52
      ],
      [
        75,
        96
      ],
      [
        71,
        96
      ],
      [
        71,
        75
      ],
      [
        35,
        77
      ],
      [
        35,
        56
      ],
      [
        56,
        77
      ],
      [
        12,
        48
      ],
      [
        12,
        78
      ],
      [
        48,
        78
      ],
      [
        56,
        64
      ],
      [
        64,
        77
      ],
      [
        10,
        22
      ],
      [
        10,
        19
      ],
      [
        19,
        22
      ],
      [
        1,
        59
      ],
      [
        1,
        48
      ],
      [
        48,
        59
      ],
      [
        14,
        83
      ],
      [
        14,
        36
      ],
      [
        36,
        83
      ],
      [
        20,
        26
      ],
      [
        20,
        46
      ],
      [
        26,
        46
      ],
      [
        5,
        84
      ],
      [
        5,
        30
      ],
      [
        30,
        84
      ],
      [
        95,
        99
      ],
      [
        63,
        95
      ],
      [
        63,
        99
      ],
      [
        10,
        53
      ],
      [
        10,
        38
      ],
      [
        38,
        53
      ],
      [
        11,
        43
      ],
      [
        43,
        73
      ],
      [
        11,
        73
      ],
      [
        46,
        57
      ],
      [
        46,
        56
      ],
      [
        56,
        57
      ],
      [
        15,
        36
      ],
      [
        33,
        36
      ],
      [
        15,
        33
      ],
      [
        38,
        40
      ],
      [
        29,
        38
      ],
      [
        29,
        40
      ],
      [
        25,
        43
      ],
      [
        25,
        73
      ],
      [
        40,
        70
      ],
      [
        40,
        44
      ],
      [
        44,
        70
      ],
      [
        61,
        91
      ],
      [
        61,
        63
      ],
      [
        63,
        91
      ],
      [
        20,
        77
      ],
      [
        20,
        35
      ],
      [
        28,
        37
      ],
      [
        37,
        85
      ],
      [
        28,
        85
      ],
      [
        21,
        34
      ],
      [
        34,
        85
      ],
      [
        21,
        85
      ],
      [
        52,
        68
      ],
      [
        68,
        71
      ],
      [
        52,
        71
      ],
      [
        24,
        72
      ],
      [
        72,
        87
      ],
      [
        24,
        87
      ],
      [
        38,
        92
      ],
      [
        82,
        92
      ],
      [
        38,
        82
      ],
      [
        30,
        50
      ],
      [
        50,
        79
      ],
      [
        30,
        79
      ],
      [
        24,
        78
      ],
      [
        78,
        87
      ],
      [
        53,
        98
      ],
      [
        16,
        98
      ],
      [
        16,
        53
      ],
      [
        33,
        45
      ],
      [
        15,
        45
      ],
      [
        9,
        95
      ],
      [
        9,
        99
      ],
      [
        1,
        17
      ],
      [
        17,
        62
      ],
      [
        1,
        62
      ],
      [
        9,
        35
      ],
      [
        35,
        95
      ],
      [
        63,
        67
      ],
      [
        61,
        67
      ],
      [
        49,
        99
      ],
      [
        73,
        99
      ],
      [
        49,
        73
      ],
      [
        16,
        19
      ],
      [
        19,
        53
      ],
      [
        11,
        31
      ],
      [
        31,
        43
      ],
      [
        29,
        44
      ],
      [
        18,
        39
      ],
      [
        7,
        96
      ],
      [
        7,
        82
      ],
      [
        82,
        96
      ],
      [
        6,
        30
      ],
      [
        6,
        84
      ],
      [
        38,
        98
      ],
      [
        5,
        50
      ],
      [
        13,
        28
      ],
      [
        15,
        28
      ],
      [
        60,
        80
      ],
      [
        80,
        94
      ],
      [
        60,
        94
      ],
      [
        28,
        36
      ],
      [
        62,
        80
      ],
      [
        52,
        62
      ],
      [
        52,
        80
      ],
      [
        11,
        39
      ],
      [
        31,
        39
      ],
      [
        3,
        64
      ],
      [
        3,
        77
      ],
      [
        69,
        99
      ],
      [
        16,
        69
      ],
      [
        16,
        99
      ],
      [
        71,
        92
      ],
      [
        71,
        82
      ],
      [
        25,
        52
      ],
      [
        52,
        73
      ],
      [
        19,
        94
      ],
      [
        22,
        94
      ],
      [
        16,
        47
      ],
      [
        16,
        38
      ],
      [
        38,
        47
      ],
      [
        33,
        35
      ],
      [
        33,
        95
      ],
      [
        26,
        33
      ],
      [
        20,
        33
      ],
      [
        92,
        97
      ],
      [
        71,
        97
      ],
      [
        71,
        86
      ],
      [
        68,
        86
      ],
      [
        52,
        97
      ],
      [
        80,
        97
      ],
      [
        52,
        65
      ],
      [
        0,
        65
      ],
      [
        0,
        52
      ],
      [
        67,
        73
      ],
      [
        61,
        73
      ],
      [
        27,
        57
      ],
      [
        26,
        57
      ],
      [
        94,
        97
      ],
      [
        0,
        51
      ],
      [
        19,
        60
      ],
      [
        16,
        60
      ],
      [
        78,
        90
      ],
      [
        87,
        90
      ],
      [
        47,
        99
      ],
      [
        40,
        56
      ],
      [
        40,
        57
      ],
      [
        11,
        61
      ],
      [
        1,
        72
      ],
      [
        59,
        72
      ],
      [
        59,
        87
      ],
      [
        32,
        68
      ],
      [
        32,
        86
      ],
      [
        1,
        23
      ],
      [
        17,
        23
      ],
      [
        22,
        42
      ],
      [
        42,
        94
      ],
      [
        12,
        24
      ],
      [
        12,
        72
      ],
      [
        88,
        89
      ],
      [
        34,
        89
      ],
      [
        34,
        88
      ],
      [
        76,
        97
      ],
      [
        42,
        97
      ],
      [
        42,
        76
      ],
      [
        50,
        65
      ],
      [
        50,
        52
      ],
      [
        29,
        41
      ],
      [
        41,
        44
      ],
      [
        13,
        70
      ],
      [
        27,
        70
      ],
      [
        1,
        8
      ],
      [
        8,
        16
      ],
      [
        1,
        16
      ],
      [
        18,
        31
      ],
      [
        6,
        58
      ],
      [
        58,
        79
      ],
      [
        6,
        79
      ],
      [
        70,
        88
      ],
      [
        21,
        88
      ],
      [
        21,
        70
      ],
      [
        75,
        89
      ],
      [
        81,
        89
      ],
      [
        75,
        81
      ],
      [
        4,
        9
      ],
      [
        4,
        99
      ],
      [
        57,
        70
      ],
      [
        7,
        75
      ],
      [
        75,
        82
      ],
      [
        16,
        48
      ],
      [
        38,
        42
      ],
      [
        42,
        92
      ],
      [
        29,
        66
      ],
      [
        41,
        66
      ],
      [
        66,
        75
      ],
      [
        66,
        82
      ],
      [
        34,
        83
      ],
      [
        83,
        85
      ],
      [
        81,
        88
      ],
      [
        83,
        89
      ],
      [
        49,
        69
      ],
      [
        37,
        55
      ],
      [
        21,
        55
      ],
      [
        21,
        37
      ],
      [
        23,
        49
      ],
      [
        23,
        72
      ],
      [
        49,
        72
      ],
      [
        12,
        49
      ],
      [
        2,
        94
      ],
      [
        2,
        42
      ],
      [
        10,
        42
      ],
      [
        26,
        45
      ],
      [
        13,
        21
      ]
    ],
    [
      [
        17,
        52
      ],
      [
        52,
        62
      ],
      [
        17,
        62
      ],
      [
        13,
        36
      ],
      [
        15,
        36
      ],
      [
        13,
        15
      ],
      [
        0,
        54
      ],
      [
        75,
        93
      ],
      [
        12,
        49
      ],
      [
        17,
        49
      ],
      [
        12,
        17
      ],
      [
        24,
        78
      ],
      [
        1,
        24
      ],
      [
        1,
        78
      ],
      [
        13,
        55
      ],
      [
        13,
        27
      ],
      [
        27,
        55
      ],
      [
        20,
        77
      ],
      [
        20,
        33
      ],
      [
        33,
        77
      ],
      [
        46,
        57
      ],
      [
        46,
        56
      ],
      [
        56,
        57
      ],
      [
        25,
        79
      ],
      [
        52,
        79
      ],
      [
        25,
        52
      ],
      [
        76,
        97
      ],
      [
        96,
        97
      ],
      [
        76,
        96
      ],
      [
        3,
        46
      ],
      [
        3,
        57
      ],
      [
        38,
        98
      ],
      [
        94,
        98
      ],
      [
        38,
        94
      ],
      [
        32,
        93
      ],
      [
        86,
        93
      ],
      [
        32,
        86
      ],
      [
        43,
        67
      ],
      [
        25,
        67
      ],
      [
        2,
        94
      ],
      [
        52,
        99
      ],
      [
        26,
        33
      ],
      [
        22,
        94
      ],
      [
        10,
        22
      ],
      [
        12,
        24
      ],
      [
        16,
        69
      ],
      [
        16,
        47
      ],
      [
        9,
        16
      ],
      [
        9,
        47
      ],
      [
        14,
        36
      ],
      [
        4,
        9
      ],
      [
        14,
        91
      ],
      [
        43,
        50
      ],
      [
        11,
        43
      ],
      [
        11,
        50
      ],
      [
        3,
        64
      ],
      [
        21,
        56
      ],
      [
        29,
        81
      ],
      [
        47,
        95
      ],
      [
        47,
        49
      ],
      [
        24,
        72
      ],
      [
        10,
        42
      ],
      [
        66,
        75
      ],
      [
        66,
        81
      ],
      [
        29,
        66
      ],
      [
        1,
        60
      ],
      [
        29,
        86
      ],
      [
        19,
        60
      ],
      [
        12,
        23
      ],
      [
        23,
        72
      ],
      [
        12,
        72
      ],
      [
        3,
        9
      ],
      [
        9,
        46
      ],
      [
        15,
        26
      ],
      [
        13,
        26
      ],
      [
        51,
        52
      ],
      [
        52,
        65
      ],
      [
        51,
        65
      ],
      [
        42,
        44
      ],
      [
        21,
        44
      ],
      [
        21,
        42
      ],
      [
        51,
        84
      ],
      [
        65,
        84
      ],
      [
        18,
        39
      ],
      [
        6,
        18
      ],
      [
        6,
        39
      ],
      [
        0,
        84
      ],
      [
        0,
        51
      ],
      [
        11,
        61
      ],
      [
        11,
        67
      ],
      [
        61,
        67
      ],
      [
        44,
        70
      ],
      [
        21,
        70
      ],
      [
        74,
        79
      ],
      [
        52,
        74
      ],
      [
        22,
        42
      ],
      [
        22,
        44
      ],
      [
        9,
        95
      ],
      [
        9,
        64
      ],
      [
        64,
        95
      ],
      [
        7,
        96
      ],
      [
        7,
        76
      ],
      [
        7,
        82
      ],
      [
        76,
        82
      ],
      [
        83,
        85
      ],
      [
        28,
        83
      ],
      [
        28,
        85
      ],
      [
        35,
        95
      ],
      [
        35,
        63
      ],
      [
        63,
        95
      ],
      [
        31,
        58
      ],
      [
        6,
        31
      ],
      [
        6,
        58
      ],
      [
        59,
        87
      ],
      [
        1,
        87
      ],
      [
        1,
        59
      ],
      [
        28,
        37
      ],
      [
        37,
        85
      ],
      [
        37,
        55
      ],
      [
        13,
        37
      ],
      [
        64,
        77
      ],
      [
        20,
        64
      ],
      [
        33,
        91
      ],
      [
        33,
        45
      ],
      [
        45,
        91
      ],
      [
        12,
        78
      ],
      [
        49,
        78
      ],
      [
        95,
        99
      ],
      [
        49,
        99
      ],
      [
        49,
        95
      ],
      [
        26,
        27
      ],
      [
        36,
        91
      ],
      [
        15,
        91
      ],
      [
        35,
        77
      ],
      [
        33,
        35
      ],
      [
        8,
        98
      ],
      [
        8,
        59
      ],
      [
        59,
        98
      ],
      [
        11,
        31
      ],
      [
        11,
        58
      ],
      [
        67,
        99
      ],
      [
        67,
        95
      ],
      [
        20,
        26
      ],
      [
        26,
        64
      ],
      [
        30,
        84
      ],
      [
        6,
        30
      ],
      [
        6,
        84
      ],
      [
        78,
        87
      ],
      [
        21,
        40
      ],
      [
        40,
        42
      ],
      [
        1,
        98
      ],
      [
        1,
        19
      ],
      [
        19,
        98
      ],
      [
        63,
        67
      ],
      [
        16,
        38
      ],
      [
        21,
        38
      ],
      [
        16,
        21
      ],
      [
        50,
        65
      ],
      [
        5,
        50
      ],
      [
        5,
        65
      ],
      [
        34,
        55
      ],
      [
        34,
        83
      ],
      [
        55,
        83
      ],
      [
        25,
        73
      ],
      [
        52,
        73
      ],
      [
        18,
        54
      ],
      [
        17,
        99
      ],
      [
        48,
        69
      ],
      [
        47,
        69
      ],
      [
        47,
        48
      ],
      [
        22,
        82
      ],
      [
        44,
        82
      ],
      [
        67,
        73
      ],
      [
        73,
        99
      ],
      [
        38,
        40
      ],
      [
        38,
        42
      ],
      [
        65,
        74
      ],
      [
        43,
        74
      ],
      [
        43,
        65
      ],
      [
        1,
        72
      ],
      [
        1,
        23
      ],
      [
        41,
        70
      ],
      [
        41,
        81
      ],
      [
        70,
        81
      ],
      [
        19,
        76
      ],
      [
        2,
        76
      ],
      [
        2,
        19
      ],
      [
        39,
        91
      ],
      [
        33,
        39
      ],
      [
        2,
        53
      ],
      [
        19,
        53
      ],
      [
        81,
        88
      ],
      [
        70,
        88
      ],
      [
        39,
        61
      ],
      [
        11,
        39
      ],
      [
        31,
        39
      ],
      [
        14,
        83
      ],
      [
        2,
        92
      ],
      [
        22,
        92
      ],
      [
        2,
        22
      ],
      [
        59,
        78
      ],
      [
        59,
        90
      ],
      [
        78,
        90
      ],
      [
        47,
        90
      ],
      [
        48,
        90
      ],
      [
        35,
        64
      ],
      [
        53,
        98
      ],
      [
        17,
        23
      ],
      [
        33,
        63
      ],
      [
        60,
        80
      ],
      [
        76,
        80
      ],
      [
        60,
        76
      ],
      [
        55,
        85
      ],
      [
        26,
        57
      ],
      [
        3,
        26
      ],
      [
        82,
        92
      ],
      [
        76,
        92
      ],
      [
        14,
        28
      ],
      [
        13,
        28
      ],
      [
        28,
        36
      ],
      [
        71,
        86
      ],
      [
        86,
        96
      ],
      [
        71,
        96
      ],
      [
        71,
        97
      ],
      [
        53,
        94
      ],
      [
        60,
        62
      ],
      [
        23,
        60
      ],
      [
        23,
        62
      ],
      [
        4,
        56
      ],
      [
        4,
        46
      ],
      [
        10,
        94
      ],
      [
        10,
        38
      ],
      [
        52,
        68
      ],
      [
        68,
        71
      ],
      [
        52,
        71
      ],
      [
        80,
        97
      ],
      [
        62,
        80
      ],
      [
        62,
        97
      ],
      [
        16,
        56
      ],
      [
        4,
        16
      ],
      [
        7,
        29
      ],
      [
        29,
        44
      ],
      [
        7,
        44
      ],
      [
        88,
        89
      ],
      [
        70,
        89
      ],
      [
        32,
        68
      ],
      [
        32,
        71
      ],
      [
        29,
        75
      ],
      [
        29,
        93
      ],
      [
        29,
        41
      ],
      [
        41,
        44
      ],
      [
        47,
        78
      ],
      [
        8,
        38
      ],
      [
        8,
        16
      ],
      [
        33,
        61
      ],
      [
        61,
        63
      ],
      [
        62,
        71
      ],
      [
        0,
        18
      ],
      [
        75,
        89
      ],
      [
        81,
        89
      ],
      [
        75,
        81
      ],
      [
        18,
        84
      ],
      [
        21,
        55
      ],
      [
        21,
        34
      ],
      [
        21,
        57
      ],
      [
        55,
        57
      ],
      [
        25,
        43
      ],
      [
        43,
        79
      ],
      [
        7,
        86
      ],
      [
        15,
        45
      ],
      [
        83,
        89
      ],
      [
        34,
        89
      ],
      [
        21,
        89
      ],
      [
        8,
        90
      ],
      [
        8,
        48
      ],
      [
        5,
        30
      ],
      [
        30,
        50
      ],
      [
        50,
        58
      ],
      [
        30,
        58
      ],
      [
        16,
        48
      ],
      [
        26,
        45
      ],
      [
        30,
        65
      ],
      [
        27,
        57
      ]
    ],
    [
      [
        17,
        62
      ],
      [
        0,
        65
      ],
      [
        82,
        92
      ],
      [
        33,
        91
      ],
      [
        33,
        67
      ],
      [
        32,
        68
      ],
      [
        2,
        53
      ],
      [
        19,
        53
      ],
      [
        47,
        69
      ],
      [
        49,
        69
      ],
      [
        50,
        74
      ],
      [
        28,
        85
      ],
      [
        44,
        94
      ],
      [
        42,
        94
      ],
      [
        27,
        77
      ],
      [
        29,
        53
      ],
      [
        53,
        82
      ],
      [
        48,
        87
      ],
      [
        2,
        82
      ],
      [
        21,
        89
      ],
      [
        21,
        70
      ],
      [
        70,
        89
      ],
      [
        1,
        23
      ],
      [
        23,
        62
      ],
      [
        29,
        44
      ],
      [
        29,
        66
      ],
      [
        64,
        77
      ],
      [
        2,
        92
      ],
      [
        23,
        49
      ],
      [
        32,
        62
      ],
      [
        16,
        38
      ],
      [
        16,
        56
      ],
      [
        83,
        89
      ],
      [
        95,
        99
      ],
      [
        47,
        99
      ],
      [
        47,
        95
      ],
      [
        40,
        57
      ],
      [
        38,
        57
      ],
      [
        75,
        86
      ],
      [
        86,
        96
      ],
      [
        32,
        93
      ],
      [
        86,
        93
      ],
      [
        75,
        93
      ],
      [
        32,
        86
      ],
      [
        71,
        86
      ],
      [
        32,
        71
      ],
      [
        29,
        82
      ],
      [
        82,
        96
      ],
      [
        29,
        96
      ],
      [
        60,
        80
      ],
      [
        60,
        62
      ],
      [
        62,
        80
      ],
      [
        52,
        65
      ],
      [
        50,
        52
      ],
      [
        0,
        51
      ],
      [
        0,
        52
      ],
      [
        6,
        31
      ],
      [
        18,
        31
      ],
      [
        75,
        89
      ],
      [
        11,
        18
      ],
      [
        18,
        73
      ],
      [
        16,
        69
      ],
      [
        56,
        69
      ],
      [
        50,
        79
      ],
      [
        12,
        24
      ],
      [
        12,
        23
      ],
      [
        13,
        37
      ],
      [
        3,
        64
      ],
      [
        94,
        98
      ],
      [
        13,
        36
      ],
      [
        3,
        77
      ],
      [
        57,
        77
      ],
      [
        74,
        79
      ],
      [
        16,
        22
      ],
      [
        0,
        5
      ],
      [
        41,
        75
      ],
      [
        41,
        57
      ],
      [
        57,
        75
      ],
      [
        5,
        50
      ],
      [
        42,
        44
      ],
      [
        40,
        44
      ],
      [
        40,
        42
      ],
      [
        20,
        77
      ],
      [
        15,
        77
      ],
      [
        15,
        20
      ],
      [
        71,
        97
      ],
      [
        86,
        97
      ],
      [
        20,
        26
      ],
      [
        15,
        26
      ],
      [
        32,
        80
      ],
      [
        71,
        80
      ],
      [
        76,
        80
      ],
      [
        80,
        97
      ],
      [
        16,
        48
      ],
      [
        22,
        48
      ],
      [
        15,
        45
      ],
      [
        26,
        45
      ],
      [
        59,
        98
      ],
      [
        60,
        98
      ],
      [
        4,
        69
      ],
      [
        1,
        62
      ],
      [
        2,
        19
      ],
      [
        19,
        60
      ],
      [
        2,
        60
      ],
      [
        26,
        33
      ],
      [
        33,
        63
      ],
      [
        38,
        40
      ],
      [
        22,
        38
      ],
      [
        22,
        40
      ],
      [
        44,
        66
      ],
      [
        57,
        66
      ],
      [
        44,
        57
      ],
      [
        52,
        68
      ],
      [
        62,
        68
      ],
      [
        52,
        62
      ],
      [
        51,
        52
      ],
      [
        27,
        57
      ],
      [
        55,
        57
      ],
      [
        27,
        55
      ],
      [
        10,
        98
      ],
      [
        10,
        22
      ],
      [
        22,
        98
      ],
      [
        35,
        64
      ],
      [
        35,
        95
      ],
      [
        64,
        95
      ],
      [
        25,
        73
      ],
      [
        31,
        73
      ],
      [
        25,
        31
      ],
      [
        49,
        79
      ],
      [
        52,
        79
      ],
      [
        49,
        52
      ],
      [
        59,
        87
      ],
      [
        59,
        90
      ],
      [
        87,
        90
      ],
      [
        96,
        97
      ],
      [
        92,
        96
      ],
      [
        92,
        97
      ],
      [
        50,
        65
      ],
      [
        50,
        84
      ],
      [
        65,
        84
      ],
      [
        76,
        92
      ],
      [
        76,
        97
      ],
      [
        38,
        46
      ],
      [
        3,
        46
      ],
      [
        3,
        38
      ],
      [
        24,
        72
      ],
      [
        1,
        72
      ],
      [
        1,
        24
      ],
      [
        11,
        73
      ],
      [
        11,
        31
      ],
      [
        37,
        55
      ],
      [
        55,
        70
      ],
      [
        37,
        70
      ],
      [
        7,
        96
      ],
      [
        75,
        96
      ],
      [
        7,
        75
      ],
      [
        5,
        58
      ],
      [
        30,
        58
      ],
      [
        5,
        30
      ],
      [
        3,
        56
      ],
      [
        38,
        56
      ],
      [
        9,
        95
      ],
      [
        9,
        56
      ],
      [
        56,
        95
      ],
      [
        46,
        57
      ],
      [
        3,
        57
      ],
      [
        8,
        98
      ],
      [
        8,
        22
      ],
      [
        13,
        55
      ],
      [
        13,
        27
      ],
      [
        12,
        49
      ],
      [
        12,
        78
      ],
      [
        49,
        78
      ],
      [
        49,
        73
      ],
      [
        47,
        49
      ],
      [
        47,
        73
      ],
      [
        69,
        78
      ],
      [
        78,
        87
      ],
      [
        69,
        87
      ],
      [
        66,
        75
      ],
      [
        7,
        66
      ],
      [
        23,
        24
      ],
      [
        23,
        72
      ],
      [
        24,
        78
      ],
      [
        24,
        87
      ],
      [
        5,
        74
      ],
      [
        25,
        74
      ],
      [
        5,
        25
      ],
      [
        63,
        95
      ],
      [
        26,
        95
      ],
      [
        26,
        63
      ],
      [
        28,
        37
      ],
      [
        28,
        36
      ],
      [
        36,
        37
      ],
      [
        14,
        45
      ],
      [
        14,
        91
      ],
      [
        45,
        91
      ],
      [
        4,
        9
      ],
      [
        4,
        56
      ],
      [
        37,
        85
      ],
      [
        21,
        37
      ],
      [
        21,
        85
      ],
      [
        6,
        43
      ],
      [
        25,
        43
      ],
      [
        6,
        25
      ],
      [
        6,
        30
      ],
      [
        30,
        43
      ],
      [
        5,
        43
      ],
      [
        57,
        70
      ],
      [
        1,
        87
      ],
      [
        18,
        54
      ],
      [
        6,
        54
      ],
      [
        6,
        18
      ],
      [
        18,
        39
      ],
      [
        1,
        59
      ],
      [
        1,
        60
      ],
      [
        59,
        60
      ],
      [
        67,
        73
      ],
      [
        73,
        99
      ],
      [
        67,
        99
      ],
      [
        67,
        91
      ],
      [
        73,
        91
      ],
      [
        25,
        49
      ],
      [
        49,
        74
      ],
      [
        48,
        90
      ],
      [
        48,
        59
      ],
      [
        41,
        70
      ],
      [
        41,
        81
      ],
      [
        70,
        81
      ],
      [
        39,
        91
      ],
      [
        18,
        91
      ],
      [
        10,
        94
      ],
      [
        22,
        94
      ],
      [
        81,
        88
      ],
      [
        70,
        88
      ],
      [
        0,
        84
      ],
      [
        0,
        50
      ],
      [
        56,
        64
      ],
      [
        14,
        83
      ],
      [
        15,
        36
      ],
      [
        14,
        36
      ],
      [
        14,
        15
      ],
      [
        0,
        54
      ],
      [
        0,
        30
      ],
      [
        30,
        54
      ],
      [
        8,
        59
      ],
      [
        8,
        48
      ],
      [
        35,
        77
      ],
      [
        53,
        60
      ],
      [
        53,
        98
      ],
      [
        29,
        94
      ],
      [
        53,
        94
      ],
      [
        21,
        34
      ],
      [
        34,
        85
      ],
      [
        75,
        81
      ],
      [
        9,
        47
      ],
      [
        4,
        47
      ],
      [
        43,
        58
      ],
      [
        26,
        91
      ],
      [
        88,
        89
      ],
      [
        7,
        29
      ],
      [
        22,
        42
      ],
      [
        63,
        99
      ],
      [
        61,
        67
      ],
      [
        33,
        61
      ],
      [
        28,
        83
      ],
      [
        36,
        83
      ],
      [
        13,
        15
      ],
      [
        13,
        77
      ],
      [
        63,
        67
      ],
      [
        61,
        63
      ],
      [
        2,
        80
      ],
      [
        81,
        89
      ],
      [
        2,
        76
      ],
      [
        16,
        87
      ],
      [
        34,
        83
      ],
      [
        83,
        85
      ],
      [
        34,
        89
      ],
      [
        20,
        35
      ],
      [
        20,
        95
      ],
      [
        23,
        52
      ],
      [
        17,
        52
      ],
      [
        17,
        23
      ]
    ],
    [
      [
        33,
        45
      ],
      [
        71,
        80
      ],
      [
        68,
        86
      ],
      [
        17,
        52
      ],
      [
        17,
        23
      ],
      [
        1,
        17
      ],
      [
        10,
        22
      ],
      [
        17,
        62
      ],
      [
        1,
        62
      ],
      [
        46,
        57
      ],
      [
        11,
        73
      ],
      [
        11,
        31
      ],
      [
        31,
        73
      ],
      [
        83,
        89
      ],
      [
        12,
        79
      ],
      [
        12,
        49
      ],
      [
        49,
        79
      ],
      [
        30,
        54
      ],
      [
        30,
        58
      ],
      [
        54,
        58
      ],
      [
        28,
        83
      ],
      [
        13,
        28
      ],
      [
        13,
        83
      ],
      [
        32,
        93
      ],
      [
        22,
        53
      ],
      [
        19,
        53
      ],
      [
        19,
        22
      ],
      [
        60,
        71
      ],
      [
        60,
        62
      ],
      [
        62,
        71
      ],
      [
        13,
        15
      ],
      [
        15,
        45
      ],
      [
        13,
        45
      ],
      [
        64,
        77
      ],
      [
        3,
        64
      ],
      [
        3,
        77
      ],
      [
        66,
        86
      ],
      [
        86,
        93
      ],
      [
        66,
        93
      ],
      [
        63,
        95
      ],
      [
        91,
        95
      ],
      [
        63,
        91
      ],
      [
        0,
        54
      ],
      [
        0,
        30
      ],
      [
        1,
        72
      ],
      [
        1,
        59
      ],
      [
        59,
        72
      ],
      [
        75,
        89
      ],
      [
        10,
        98
      ],
      [
        10,
        38
      ],
      [
        38,
        98
      ],
      [
        31,
        43
      ],
      [
        43,
        49
      ],
      [
        31,
        49
      ],
      [
        7,
        86
      ],
      [
        7,
        82
      ],
      [
        82,
        86
      ],
      [
        26,
        27
      ],
      [
        13,
        27
      ],
      [
        13,
        26
      ],
      [
        69,
        78
      ],
      [
        78,
        87
      ],
      [
        69,
        87
      ],
      [
        26,
        45
      ],
      [
        17,
        72
      ],
      [
        24,
        72
      ],
      [
        17,
        24
      ],
      [
        7,
        66
      ],
      [
        29,
        66
      ],
      [
        7,
        29
      ],
      [
        20,
        35
      ],
      [
        4,
        35
      ],
      [
        4,
        20
      ],
      [
        49,
        78
      ],
      [
        49,
        69
      ],
      [
        19,
        80
      ],
      [
        19,
        60
      ],
      [
        60,
        80
      ],
      [
        59,
        90
      ],
      [
        8,
        59
      ],
      [
        8,
        90
      ],
      [
        9,
        33
      ],
      [
        33,
        91
      ],
      [
        9,
        91
      ],
      [
        39,
        91
      ],
      [
        6,
        39
      ],
      [
        6,
        91
      ],
      [
        61,
        91
      ],
      [
        61,
        63
      ],
      [
        41,
        66
      ],
      [
        41,
        93
      ],
      [
        76,
        96
      ],
      [
        82,
        96
      ],
      [
        76,
        82
      ],
      [
        21,
        41
      ],
      [
        41,
        81
      ],
      [
        21,
        81
      ],
      [
        71,
        97
      ],
      [
        71,
        86
      ],
      [
        86,
        97
      ],
      [
        56,
        64
      ],
      [
        46,
        56
      ],
      [
        46,
        64
      ],
      [
        4,
        77
      ],
      [
        4,
        56
      ],
      [
        56,
        77
      ],
      [
        76,
        80
      ],
      [
        80,
        97
      ],
      [
        76,
        97
      ],
      [
        52,
        68
      ],
      [
        2,
        76
      ],
      [
        2,
        80
      ],
      [
        25,
        49
      ],
      [
        25,
        79
      ],
      [
        38,
        57
      ],
      [
        2,
        38
      ],
      [
        2,
        57
      ],
      [
        47,
        49
      ],
      [
        31,
        47
      ],
      [
        25,
        43
      ],
      [
        95,
        99
      ],
      [
        47,
        99
      ],
      [
        47,
        95
      ],
      [
        3,
        46
      ],
      [
        46,
        77
      ],
      [
        2,
        94
      ],
      [
        2,
        42
      ],
      [
        42,
        94
      ],
      [
        62,
        68
      ],
      [
        52,
        62
      ],
      [
        51,
        52
      ],
      [
        22,
        42
      ],
      [
        22,
        94
      ],
      [
        16,
        69
      ],
      [
        69,
        90
      ],
      [
        16,
        90
      ],
      [
        25,
        58
      ],
      [
        50,
        58
      ],
      [
        25,
        50
      ],
      [
        18,
        39
      ],
      [
        6,
        18
      ],
      [
        43,
        58
      ],
      [
        23,
        51
      ],
      [
        23,
        52
      ],
      [
        83,
        85
      ],
      [
        27,
        83
      ],
      [
        27,
        85
      ],
      [
        50,
        65
      ],
      [
        50,
        84
      ],
      [
        65,
        84
      ],
      [
        5,
        50
      ],
      [
        5,
        58
      ],
      [
        29,
        82
      ],
      [
        29,
        44
      ],
      [
        44,
        82
      ],
      [
        40,
        92
      ],
      [
        82,
        92
      ],
      [
        40,
        82
      ],
      [
        21,
        44
      ],
      [
        41,
        44
      ],
      [
        16,
        46
      ],
      [
        46,
        69
      ],
      [
        5,
        84
      ],
      [
        58,
        84
      ],
      [
        31,
        58
      ],
      [
        6,
        31
      ],
      [
        6,
        58
      ],
      [
        37,
        57
      ],
      [
        27,
        37
      ],
      [
        27,
        57
      ],
      [
        59,
        87
      ],
      [
        72,
        87
      ],
      [
        86,
        96
      ],
      [
        76,
        86
      ],
      [
        44,
        57
      ],
      [
        57,
        82
      ],
      [
        70,
        81
      ],
      [
        21,
        70
      ],
      [
        12,
        78
      ],
      [
        23,
        65
      ],
      [
        23,
        24
      ],
      [
        24,
        65
      ],
      [
        24,
        87
      ],
      [
        67,
        99
      ],
      [
        11,
        67
      ],
      [
        11,
        99
      ],
      [
        32,
        68
      ],
      [
        68,
        93
      ],
      [
        24,
        78
      ],
      [
        67,
        95
      ],
      [
        53,
        60
      ],
      [
        53,
        98
      ],
      [
        60,
        98
      ],
      [
        20,
        26
      ],
      [
        20,
        27
      ],
      [
        0,
        51
      ],
      [
        51,
        65
      ],
      [
        0,
        65
      ],
      [
        8,
        38
      ],
      [
        16,
        38
      ],
      [
        8,
        16
      ],
      [
        48,
        90
      ],
      [
        8,
        48
      ],
      [
        63,
        67
      ],
      [
        33,
        35
      ],
      [
        20,
        33
      ],
      [
        50,
        74
      ],
      [
        65,
        74
      ],
      [
        56,
        69
      ],
      [
        61,
        67
      ],
      [
        18,
        54
      ],
      [
        6,
        54
      ],
      [
        11,
        91
      ],
      [
        67,
        91
      ],
      [
        40,
        57
      ],
      [
        57,
        92
      ],
      [
        65,
        79
      ],
      [
        74,
        79
      ],
      [
        16,
        48
      ],
      [
        2,
        19
      ],
      [
        19,
        94
      ],
      [
        47,
        69
      ],
      [
        76,
        92
      ],
      [
        21,
        85
      ],
      [
        21,
        88
      ],
      [
        85,
        88
      ],
      [
        14,
        91
      ],
      [
        14,
        33
      ],
      [
        14,
        83
      ],
      [
        83,
        88
      ],
      [
        15,
        28
      ],
      [
        8,
        98
      ],
      [
        10,
        53
      ],
      [
        20,
        46
      ],
      [
        20,
        77
      ],
      [
        12,
        65
      ],
      [
        81,
        89
      ],
      [
        81,
        93
      ],
      [
        89,
        93
      ],
      [
        15,
        83
      ],
      [
        75,
        93
      ],
      [
        9,
        35
      ],
      [
        4,
        9
      ],
      [
        9,
        47
      ],
      [
        4,
        47
      ],
      [
        87,
        90
      ],
      [
        25,
        74
      ],
      [
        0,
        84
      ],
      [
        26,
        33
      ],
      [
        55,
        85
      ],
      [
        21,
        55
      ],
      [
        34,
        88
      ],
      [
        34,
        83
      ],
      [
        4,
        69
      ],
      [
        73,
        99
      ],
      [
        47,
        73
      ],
      [
        36,
        83
      ],
      [
        15,
        36
      ],
      [
        37,
        85
      ],
      [
        27,
        46
      ],
      [
        38,
        42
      ],
      [
        14,
        36
      ],
      [
        14,
        45
      ],
      [
        14,
        15
      ],
      [
        9,
        95
      ],
      [
        8,
        60
      ],
      [
        8,
        62
      ],
      [
        44,
        66
      ],
      [
        62,
        86
      ],
      [
        70,
        88
      ],
      [
        22,
        38
      ],
      [
        0,
        58
      ],
      [
        59,
        62
      ],
      [
        21,
        57
      ],
      [
        55,
        57
      ],
      [
        37,
        55
      ],
      [
        6,
        11
      ],
      [
        81,
        88
      ],
      [
        38,
        46
      ],
      [
        88,
        89
      ],
      [
        34,
        89
      ],
      [
        12,
        24
      ],
      [
        2,
        92
      ]
    ],
    [
      [
        17,
        52
      ],
      [
        52,
        62
      ],
      [
        17,
        62
      ],
      [
        23,
        52
      ],
      [
        23,
        49
      ],
      [
        49,
        52
      ],
      [
        0,
        54
      ],
      [
        75,
        93
      ],
      [
        62,
        68
      ],
      [
        68,
        80
      ],
      [
        62,
        80
      ],
      [
        9,
        99
      ],
      [
        49,
        99
      ],
      [
        9,
        49
      ],
      [
        34,
        88
      ],
      [
        81,
        88
      ],
      [
        34,
        81
      ],
      [
        0,
        6
      ],
      [
        0,
        84
      ],
      [
        6,
        84
      ],
      [
        2,
        97
      ],
      [
        71,
        97
      ],
      [
        2,
        71
      ],
      [
        1,
        23
      ],
      [
        1,
        52
      ],
      [
        26,
        33
      ],
      [
        26,
        45
      ],
      [
        33,
        45
      ],
      [
        17,
        53
      ],
      [
        53,
        98
      ],
      [
        17,
        98
      ],
      [
        32,
        93
      ],
      [
        86,
        93
      ],
      [
        32,
        86
      ],
      [
        7,
        82
      ],
      [
        25,
        49
      ],
      [
        25,
        52
      ],
      [
        20,
        46
      ],
      [
        7,
        29
      ],
      [
        16,
        38
      ],
      [
        15,
        85
      ],
      [
        65,
        79
      ],
      [
        52,
        79
      ],
      [
        75,
        86
      ],
      [
        31,
        50
      ],
      [
        25,
        79
      ],
      [
        25,
        65
      ],
      [
        2,
        76
      ],
      [
        76,
        97
      ],
      [
        60,
        62
      ],
      [
        19,
        62
      ],
      [
        23,
        72
      ],
      [
        49,
        72
      ],
      [
        24,
        49
      ],
      [
        7,
        41
      ],
      [
        7,
        86
      ],
      [
        82,
        96
      ],
      [
        40,
        96
      ],
      [
        2,
        92
      ],
      [
        42,
        92
      ],
      [
        2,
        42
      ],
      [
        25,
        74
      ],
      [
        65,
        74
      ],
      [
        76,
        94
      ],
      [
        43,
        74
      ],
      [
        76,
        80
      ],
      [
        63,
        67
      ],
      [
        40,
        92
      ],
      [
        7,
        96
      ],
      [
        86,
        96
      ],
      [
        72,
        90
      ],
      [
        12,
        24
      ],
      [
        9,
        63
      ],
      [
        1,
        72
      ],
      [
        55,
        57
      ],
      [
        38,
        57
      ],
      [
        38,
        55
      ],
      [
        80,
        97
      ],
      [
        68,
        97
      ],
      [
        52,
        68
      ],
      [
        51,
        52
      ],
      [
        52,
        65
      ],
      [
        51,
        65
      ],
      [
        10,
        22
      ],
      [
        10,
        19
      ],
      [
        19,
        22
      ],
      [
        51,
        84
      ],
      [
        65,
        84
      ],
      [
        4,
        59
      ],
      [
        59,
        90
      ],
      [
        4,
        90
      ],
      [
        0,
        51
      ],
      [
        11,
        61
      ],
      [
        11,
        67
      ],
      [
        61,
        67
      ],
      [
        27,
        46
      ],
      [
        37,
        46
      ],
      [
        27,
        37
      ],
      [
        14,
        83
      ],
      [
        14,
        36
      ],
      [
        36,
        83
      ],
      [
        5,
        50
      ],
      [
        50,
        58
      ],
      [
        5,
        58
      ],
      [
        5,
        84
      ],
      [
        5,
        30
      ],
      [
        30,
        84
      ],
      [
        33,
        91
      ],
      [
        33,
        36
      ],
      [
        36,
        91
      ],
      [
        14,
        91
      ],
      [
        71,
        86
      ],
      [
        68,
        71
      ],
      [
        68,
        86
      ],
      [
        8,
        98
      ],
      [
        8,
        17
      ],
      [
        55,
        85
      ],
      [
        57,
        85
      ],
      [
        30,
        58
      ],
      [
        59,
        87
      ],
      [
        24,
        87
      ],
      [
        24,
        59
      ],
      [
        8,
        48
      ],
      [
        17,
        48
      ],
      [
        28,
        36
      ],
      [
        15,
        36
      ],
      [
        15,
        28
      ],
      [
        16,
        48
      ],
      [
        10,
        48
      ],
      [
        10,
        16
      ],
      [
        2,
        94
      ],
      [
        2,
        22
      ],
      [
        22,
        94
      ],
      [
        15,
        27
      ],
      [
        13,
        27
      ],
      [
        13,
        15
      ],
      [
        26,
        30
      ],
      [
        26,
        84
      ],
      [
        26,
        31
      ],
      [
        11,
        31
      ],
      [
        11,
        26
      ],
      [
        35,
        46
      ],
      [
        4,
        35
      ],
      [
        4,
        46
      ],
      [
        62,
        94
      ],
      [
        22,
        62
      ],
      [
        46,
        85
      ],
      [
        46,
        57
      ],
      [
        24,
        78
      ],
      [
        78,
        87
      ],
      [
        1,
        48
      ],
      [
        1,
        17
      ],
      [
        41,
        66
      ],
      [
        66,
        75
      ],
      [
        41,
        75
      ],
      [
        9,
        95
      ],
      [
        95,
        99
      ],
      [
        75,
        81
      ],
      [
        70,
        81
      ],
      [
        70,
        75
      ],
      [
        66,
        86
      ],
      [
        41,
        86
      ],
      [
        20,
        26
      ],
      [
        11,
        20
      ],
      [
        43,
        50
      ],
      [
        50,
        65
      ],
      [
        43,
        65
      ],
      [
        73,
        99
      ],
      [
        49,
        73
      ],
      [
        24,
        72
      ],
      [
        59,
        72
      ],
      [
        11,
        43
      ],
      [
        31,
        43
      ],
      [
        6,
        54
      ],
      [
        18,
        54
      ],
      [
        21,
        70
      ],
      [
        21,
        38
      ],
      [
        38,
        70
      ],
      [
        18,
        39
      ],
      [
        35,
        61
      ],
      [
        35,
        77
      ],
      [
        61,
        77
      ],
      [
        20,
        61
      ],
      [
        20,
        77
      ],
      [
        39,
        91
      ],
      [
        18,
        91
      ],
      [
        13,
        37
      ],
      [
        4,
        56
      ],
      [
        56,
        90
      ],
      [
        17,
        60
      ],
      [
        19,
        60
      ],
      [
        17,
        19
      ],
      [
        38,
        40
      ],
      [
        22,
        38
      ],
      [
        22,
        40
      ],
      [
        35,
        64
      ],
      [
        46,
        64
      ],
      [
        15,
        20
      ],
      [
        20,
        27
      ],
      [
        64,
        77
      ],
      [
        3,
        64
      ],
      [
        3,
        77
      ],
      [
        15,
        26
      ],
      [
        12,
        59
      ],
      [
        4,
        12
      ],
      [
        21,
        55
      ],
      [
        21,
        83
      ],
      [
        55,
        83
      ],
      [
        5,
        65
      ],
      [
        15,
        45
      ],
      [
        61,
        63
      ],
      [
        35,
        63
      ],
      [
        83,
        85
      ],
      [
        28,
        83
      ],
      [
        28,
        85
      ],
      [
        36,
        45
      ],
      [
        3,
        46
      ],
      [
        48,
        69
      ],
      [
        48,
        56
      ],
      [
        56,
        69
      ],
      [
        4,
        9
      ],
      [
        9,
        47
      ],
      [
        4,
        47
      ],
      [
        10,
        98
      ],
      [
        10,
        53
      ],
      [
        25,
        73
      ],
      [
        67,
        73
      ],
      [
        25,
        67
      ],
      [
        71,
        96
      ],
      [
        92,
        96
      ],
      [
        71,
        92
      ],
      [
        16,
        22
      ],
      [
        19,
        53
      ],
      [
        40,
        82
      ],
      [
        29,
        82
      ],
      [
        29,
        40
      ],
      [
        6,
        33
      ],
      [
        33,
        84
      ],
      [
        63,
        99
      ],
      [
        63,
        73
      ],
      [
        69,
        90
      ],
      [
        37,
        85
      ],
      [
        13,
        85
      ],
      [
        12,
        78
      ],
      [
        59,
        78
      ],
      [
        63,
        95
      ],
      [
        46,
        77
      ],
      [
        16,
        56
      ],
      [
        80,
        94
      ],
      [
        29,
        44
      ],
      [
        29,
        41
      ],
      [
        41,
        44
      ],
      [
        31,
        58
      ],
      [
        26,
        58
      ],
      [
        43,
        67
      ],
      [
        25,
        43
      ],
      [
        47,
        49
      ],
      [
        12,
        49
      ],
      [
        12,
        47
      ],
      [
        70,
        88
      ],
      [
        21,
        88
      ],
      [
        75,
        89
      ],
      [
        81,
        89
      ],
      [
        40,
        70
      ],
      [
        41,
        70
      ],
      [
        44,
        70
      ],
      [
        34,
        83
      ],
      [
        83,
        88
      ],
      [
        40,
        44
      ],
      [
        22,
        42
      ],
      [
        40,
        42
      ],
      [
        9,
        35
      ],
      [
        83,
        89
      ],
      [
        34,
        89
      ],
      [
        38,
        56
      ],
      [
        56,
        57
      ],
      [
        46,
        56
      ],
      [
        6,
        91
      ],
      [
        54,
        91
      ],
      [
        32,
        68
      ],
      [
        48,
        90
      ],
      [
        1,
        90
      ],
      [
        48,
        98
      ]
    ],
    [
      [
        6,
        61
      ],
      [
        6,
        31
      ],
      [
        34,
        55
      ],
      [
        34,
        83
      ],
      [
        41,
        70
      ],
      [
        25,
        69
      ],
      [
        26,
        61
      ],
      [
        59,
        90
      ],
      [
        87,
        90
      ],
      [
        8,
        10
      ],
      [
        10,
        22
      ],
      [
        8,
        22
      ],
      [
        50,
        65
      ],
      [
        23,
        65
      ],
      [
        20,
        91
      ],
      [
        13,
        20
      ],
      [
        13,
        91
      ],
      [
        56,
        64
      ],
      [
        64,
        77
      ],
      [
        56,
        77
      ],
      [
        32,
        68
      ],
      [
        19,
        53
      ],
      [
        19,
        94
      ],
      [
        0,
        51
      ],
      [
        25,
        73
      ],
      [
        25,
        49
      ],
      [
        49,
        73
      ],
      [
        5,
        84
      ],
      [
        50,
        84
      ],
      [
        5,
        50
      ],
      [
        28,
        36
      ],
      [
        50,
        74
      ],
      [
        2,
        92
      ],
      [
        92,
        94
      ],
      [
        11,
        31
      ],
      [
        11,
        61
      ],
      [
        31,
        61
      ],
      [
        52,
        72
      ],
      [
        24,
        72
      ],
      [
        24,
        52
      ],
      [
        3,
        64
      ],
      [
        3,
        37
      ],
      [
        37,
        64
      ],
      [
        6,
        30
      ],
      [
        30,
        58
      ],
      [
        6,
        58
      ],
      [
        58,
        84
      ],
      [
        39,
        91
      ],
      [
        0,
        58
      ],
      [
        0,
        84
      ],
      [
        6,
        43
      ],
      [
        22,
        42
      ],
      [
        22,
        92
      ],
      [
        14,
        91
      ],
      [
        96,
        97
      ],
      [
        23,
        24
      ],
      [
        24,
        25
      ],
      [
        10,
        17
      ],
      [
        17,
        22
      ],
      [
        55,
        85
      ],
      [
        40,
        85
      ],
      [
        17,
        19
      ],
      [
        17,
        52
      ],
      [
        19,
        52
      ],
      [
        83,
        89
      ],
      [
        40,
        46
      ],
      [
        38,
        46
      ],
      [
        38,
        40
      ],
      [
        29,
        81
      ],
      [
        41,
        81
      ],
      [
        29,
        41
      ],
      [
        16,
        69
      ],
      [
        12,
        69
      ],
      [
        12,
        16
      ],
      [
        32,
        93
      ],
      [
        12,
        78
      ],
      [
        16,
        78
      ],
      [
        32,
        86
      ],
      [
        71,
        86
      ],
      [
        32,
        71
      ],
      [
        23,
        79
      ],
      [
        50,
        79
      ],
      [
        23,
        50
      ],
      [
        26,
        33
      ],
      [
        6,
        33
      ],
      [
        6,
        26
      ],
      [
        14,
        28
      ],
      [
        28,
        85
      ],
      [
        14,
        85
      ],
      [
        67,
        99
      ],
      [
        47,
        99
      ],
      [
        47,
        67
      ],
      [
        52,
        68
      ],
      [
        68,
        97
      ],
      [
        52,
        97
      ],
      [
        29,
        66
      ],
      [
        66,
        81
      ],
      [
        29,
        82
      ],
      [
        29,
        42
      ],
      [
        42,
        82
      ],
      [
        75,
        89
      ],
      [
        27,
        37
      ],
      [
        37,
        85
      ],
      [
        27,
        85
      ],
      [
        16,
        38
      ],
      [
        16,
        48
      ],
      [
        38,
        48
      ],
      [
        9,
        47
      ],
      [
        9,
        67
      ],
      [
        7,
        96
      ],
      [
        66,
        96
      ],
      [
        7,
        66
      ],
      [
        93,
        97
      ],
      [
        66,
        93
      ],
      [
        66,
        97
      ],
      [
        0,
        54
      ],
      [
        0,
        30
      ],
      [
        30,
        54
      ],
      [
        42,
        90
      ],
      [
        38,
        42
      ],
      [
        38,
        90
      ],
      [
        2,
        76
      ],
      [
        2,
        94
      ],
      [
        76,
        94
      ],
      [
        17,
        87
      ],
      [
        52,
        87
      ],
      [
        13,
        36
      ],
      [
        13,
        85
      ],
      [
        36,
        85
      ],
      [
        43,
        58
      ],
      [
        5,
        58
      ],
      [
        5,
        43
      ],
      [
        1,
        87
      ],
      [
        1,
        8
      ],
      [
        8,
        87
      ],
      [
        8,
        59
      ],
      [
        59,
        87
      ],
      [
        21,
        34
      ],
      [
        21,
        70
      ],
      [
        34,
        70
      ],
      [
        23,
        25
      ],
      [
        25,
        74
      ],
      [
        23,
        74
      ],
      [
        75,
        93
      ],
      [
        75,
        81
      ],
      [
        81,
        93
      ],
      [
        71,
        97
      ],
      [
        86,
        97
      ],
      [
        19,
        80
      ],
      [
        76,
        80
      ],
      [
        19,
        76
      ],
      [
        82,
        96
      ],
      [
        42,
        96
      ],
      [
        80,
        97
      ],
      [
        76,
        97
      ],
      [
        42,
        92
      ],
      [
        92,
        96
      ],
      [
        74,
        79
      ],
      [
        62,
        80
      ],
      [
        52,
        62
      ],
      [
        52,
        80
      ],
      [
        40,
        55
      ],
      [
        40,
        41
      ],
      [
        41,
        55
      ],
      [
        48,
        90
      ],
      [
        16,
        90
      ],
      [
        53,
        94
      ],
      [
        22,
        94
      ],
      [
        22,
        53
      ],
      [
        15,
        36
      ],
      [
        14,
        36
      ],
      [
        14,
        15
      ],
      [
        22,
        90
      ],
      [
        68,
        71
      ],
      [
        51,
        52
      ],
      [
        52,
        65
      ],
      [
        51,
        65
      ],
      [
        16,
        87
      ],
      [
        51,
        84
      ],
      [
        65,
        84
      ],
      [
        18,
        39
      ],
      [
        6,
        18
      ],
      [
        6,
        39
      ],
      [
        40,
        42
      ],
      [
        45,
        91
      ],
      [
        15,
        45
      ],
      [
        15,
        91
      ],
      [
        13,
        27
      ],
      [
        76,
        96
      ],
      [
        76,
        92
      ],
      [
        3,
        46
      ],
      [
        37,
        46
      ],
      [
        12,
        24
      ],
      [
        24,
        87
      ],
      [
        12,
        87
      ],
      [
        13,
        15
      ],
      [
        25,
        43
      ],
      [
        43,
        73
      ],
      [
        86,
        93
      ],
      [
        35,
        77
      ],
      [
        4,
        35
      ],
      [
        4,
        77
      ],
      [
        27,
        77
      ],
      [
        37,
        77
      ],
      [
        20,
        77
      ],
      [
        13,
        77
      ],
      [
        19,
        60
      ],
      [
        60,
        80
      ],
      [
        1,
        17
      ],
      [
        12,
        25
      ],
      [
        72,
        87
      ],
      [
        29,
        44
      ],
      [
        40,
        44
      ],
      [
        29,
        40
      ],
      [
        13,
        45
      ],
      [
        83,
        85
      ],
      [
        55,
        83
      ],
      [
        29,
        96
      ],
      [
        14,
        83
      ],
      [
        9,
        35
      ],
      [
        35,
        95
      ],
      [
        9,
        95
      ],
      [
        67,
        95
      ],
      [
        63,
        95
      ],
      [
        63,
        67
      ],
      [
        49,
        99
      ],
      [
        73,
        99
      ],
      [
        11,
        43
      ],
      [
        31,
        43
      ],
      [
        23,
        52
      ],
      [
        18,
        54
      ],
      [
        6,
        54
      ],
      [
        47,
        69
      ],
      [
        9,
        69
      ],
      [
        21,
        41
      ],
      [
        21,
        55
      ],
      [
        46,
        64
      ],
      [
        81,
        88
      ],
      [
        70,
        88
      ],
      [
        70,
        81
      ],
      [
        4,
        69
      ],
      [
        4,
        9
      ],
      [
        49,
        69
      ],
      [
        69,
        99
      ],
      [
        43,
        63
      ],
      [
        61,
        63
      ],
      [
        43,
        61
      ],
      [
        26,
        91
      ],
      [
        20,
        26
      ],
      [
        46,
        56
      ],
      [
        22,
        59
      ],
      [
        43,
        67
      ],
      [
        70,
        89
      ],
      [
        34,
        89
      ],
      [
        5,
        25
      ],
      [
        52,
        60
      ],
      [
        7,
        29
      ],
      [
        4,
        16
      ],
      [
        38,
        56
      ],
      [
        4,
        56
      ],
      [
        4,
        38
      ],
      [
        5,
        74
      ],
      [
        17,
        98
      ],
      [
        8,
        98
      ],
      [
        8,
        17
      ],
      [
        33,
        91
      ],
      [
        6,
        91
      ],
      [
        60,
        62
      ],
      [
        57,
        85
      ],
      [
        40,
        57
      ],
      [
        78,
        87
      ],
      [
        41,
        44
      ],
      [
        46,
        57
      ],
      [
        88,
        89
      ],
      [
        43,
        99
      ],
      [
        81,
        89
      ],
      [
        10,
        98
      ],
      [
        17,
        53
      ],
      [
        61,
        95
      ],
      [
        26,
        95
      ],
      [
        20,
        35
      ],
      [
        20,
        95
      ],
      [
        46,
        85
      ]
    ],
    [
      [
        25,
        74
      ],
      [
        25,
        65
      ],
      [
        0,
        54
      ],
      [
        16,
        69
      ],
      [
        38,
        56
      ],
      [
        38,
        40
      ],
      [
        3,
        27
      ],
      [
        5,
        74
      ],
      [
        2,
        19
      ],
      [
        2,
        92
      ],
      [
        19,
        92
      ],
      [
        27,
        46
      ],
      [
        46,
        57
      ],
      [
        27,
        57
      ],
      [
        2,
        76
      ],
      [
        76,
        92
      ],
      [
        4,
        56
      ],
      [
        4,
        47
      ],
      [
        47,
        56
      ],
      [
        20,
        45
      ],
      [
        48,
        90
      ],
      [
        16,
        90
      ],
      [
        10,
        22
      ],
      [
        22,
        42
      ],
      [
        10,
        42
      ],
      [
        27,
        45
      ],
      [
        13,
        27
      ],
      [
        13,
        45
      ],
      [
        49,
        69
      ],
      [
        25,
        49
      ],
      [
        25,
        69
      ],
      [
        13,
        55
      ],
      [
        27,
        55
      ],
      [
        32,
        68
      ],
      [
        26,
        33
      ],
      [
        0,
        51
      ],
      [
        25,
        73
      ],
      [
        49,
        73
      ],
      [
        71,
        96
      ],
      [
        71,
        92
      ],
      [
        12,
        78
      ],
      [
        12,
        59
      ],
      [
        53,
        60
      ],
      [
        38,
        53
      ],
      [
        38,
        60
      ],
      [
        21,
        70
      ],
      [
        21,
        55
      ],
      [
        55,
        70
      ],
      [
        67,
        99
      ],
      [
        9,
        99
      ],
      [
        9,
        67
      ],
      [
        4,
        73
      ],
      [
        4,
        9
      ],
      [
        9,
        73
      ],
      [
        12,
        24
      ],
      [
        24,
        78
      ],
      [
        6,
        30
      ],
      [
        30,
        58
      ],
      [
        6,
        58
      ],
      [
        11,
        61
      ],
      [
        6,
        11
      ],
      [
        39,
        91
      ],
      [
        6,
        31
      ],
      [
        8,
        48
      ],
      [
        64,
        77
      ],
      [
        27,
        64
      ],
      [
        18,
        39
      ],
      [
        18,
        54
      ],
      [
        10,
        53
      ],
      [
        5,
        50
      ],
      [
        5,
        65
      ],
      [
        53,
        82
      ],
      [
        19,
        53
      ],
      [
        19,
        82
      ],
      [
        3,
        46
      ],
      [
        3,
        64
      ],
      [
        71,
        97
      ],
      [
        32,
        97
      ],
      [
        1,
        62
      ],
      [
        1,
        23
      ],
      [
        23,
        62
      ],
      [
        83,
        89
      ],
      [
        53,
        94
      ],
      [
        22,
        94
      ],
      [
        22,
        53
      ],
      [
        31,
        67
      ],
      [
        67,
        95
      ],
      [
        31,
        95
      ],
      [
        1,
        87
      ],
      [
        24,
        87
      ],
      [
        1,
        24
      ],
      [
        32,
        93
      ],
      [
        20,
        77
      ],
      [
        27,
        77
      ],
      [
        20,
        27
      ],
      [
        32,
        86
      ],
      [
        71,
        86
      ],
      [
        32,
        71
      ],
      [
        21,
        34
      ],
      [
        34,
        37
      ],
      [
        21,
        37
      ],
      [
        51,
        52
      ],
      [
        52,
        79
      ],
      [
        51,
        79
      ],
      [
        24,
        72
      ],
      [
        1,
        72
      ],
      [
        82,
        92
      ],
      [
        7,
        92
      ],
      [
        7,
        82
      ],
      [
        66,
        75
      ],
      [
        75,
        81
      ],
      [
        66,
        81
      ],
      [
        11,
        95
      ],
      [
        11,
        31
      ],
      [
        40,
        56
      ],
      [
        40,
        57
      ],
      [
        56,
        57
      ],
      [
        75,
        89
      ],
      [
        17,
        62
      ],
      [
        17,
        79
      ],
      [
        62,
        79
      ],
      [
        80,
        97
      ],
      [
        52,
        80
      ],
      [
        52,
        97
      ],
      [
        92,
        96
      ],
      [
        7,
        96
      ],
      [
        63,
        95
      ],
      [
        11,
        63
      ],
      [
        66,
        96
      ],
      [
        7,
        66
      ],
      [
        66,
        82
      ],
      [
        6,
        54
      ],
      [
        6,
        61
      ],
      [
        54,
        61
      ],
      [
        15,
        36
      ],
      [
        14,
        36
      ],
      [
        14,
        15
      ],
      [
        50,
        74
      ],
      [
        50,
        65
      ],
      [
        65,
        74
      ],
      [
        19,
        60
      ],
      [
        60,
        62
      ],
      [
        19,
        62
      ],
      [
        39,
        61
      ],
      [
        39,
        54
      ],
      [
        59,
        90
      ],
      [
        8,
        59
      ],
      [
        8,
        90
      ],
      [
        4,
        64
      ],
      [
        4,
        46
      ],
      [
        46,
        64
      ],
      [
        78,
        87
      ],
      [
        59,
        87
      ],
      [
        59,
        78
      ],
      [
        12,
        90
      ],
      [
        69,
        90
      ],
      [
        12,
        69
      ],
      [
        16,
        38
      ],
      [
        16,
        48
      ],
      [
        38,
        48
      ],
      [
        23,
        25
      ],
      [
        1,
        25
      ],
      [
        25,
        79
      ],
      [
        23,
        79
      ],
      [
        17,
        23
      ],
      [
        75,
        93
      ],
      [
        32,
        75
      ],
      [
        76,
        80
      ],
      [
        76,
        97
      ],
      [
        75,
        86
      ],
      [
        52,
        68
      ],
      [
        33,
        63
      ],
      [
        33,
        91
      ],
      [
        63,
        91
      ],
      [
        29,
        82
      ],
      [
        29,
        42
      ],
      [
        42,
        82
      ],
      [
        35,
        77
      ],
      [
        20,
        35
      ],
      [
        20,
        95
      ],
      [
        20,
        26
      ],
      [
        26,
        95
      ],
      [
        14,
        26
      ],
      [
        14,
        91
      ],
      [
        26,
        91
      ],
      [
        24,
        25
      ],
      [
        25,
        72
      ],
      [
        33,
        95
      ],
      [
        0,
        84
      ],
      [
        54,
        84
      ],
      [
        65,
        79
      ],
      [
        51,
        65
      ],
      [
        47,
        49
      ],
      [
        49,
        56
      ],
      [
        9,
        95
      ],
      [
        51,
        84
      ],
      [
        65,
        84
      ],
      [
        31,
        43
      ],
      [
        6,
        43
      ],
      [
        38,
        98
      ],
      [
        60,
        98
      ],
      [
        85,
        89
      ],
      [
        37,
        85
      ],
      [
        37,
        89
      ],
      [
        92,
        97
      ],
      [
        34,
        89
      ],
      [
        5,
        84
      ],
      [
        5,
        30
      ],
      [
        30,
        84
      ],
      [
        61,
        91
      ],
      [
        61,
        63
      ],
      [
        58,
        67
      ],
      [
        58,
        74
      ],
      [
        67,
        74
      ],
      [
        83,
        85
      ],
      [
        5,
        58
      ],
      [
        52,
        76
      ],
      [
        41,
        82
      ],
      [
        41,
        66
      ],
      [
        4,
        35
      ],
      [
        4,
        77
      ],
      [
        12,
        25
      ],
      [
        35,
        95
      ],
      [
        2,
        62
      ],
      [
        9,
        35
      ],
      [
        62,
        76
      ],
      [
        52,
        62
      ],
      [
        82,
        94
      ],
      [
        42,
        94
      ],
      [
        30,
        54
      ],
      [
        1,
        59
      ],
      [
        59,
        62
      ],
      [
        66,
        71
      ],
      [
        71,
        75
      ],
      [
        43,
        58
      ],
      [
        47,
        73
      ],
      [
        67,
        73
      ],
      [
        73,
        99
      ],
      [
        29,
        44
      ],
      [
        40,
        44
      ],
      [
        29,
        40
      ],
      [
        62,
        98
      ],
      [
        8,
        98
      ],
      [
        8,
        62
      ],
      [
        38,
        69
      ],
      [
        73,
        74
      ],
      [
        26,
        45
      ],
      [
        10,
        40
      ],
      [
        40,
        53
      ],
      [
        56,
        69
      ],
      [
        14,
        83
      ],
      [
        14,
        45
      ],
      [
        13,
        15
      ],
      [
        13,
        37
      ],
      [
        15,
        37
      ],
      [
        46,
        56
      ],
      [
        36,
        37
      ],
      [
        40,
        42
      ],
      [
        48,
        98
      ],
      [
        43,
        67
      ],
      [
        37,
        55
      ],
      [
        70,
        81
      ],
      [
        40,
        70
      ],
      [
        40,
        81
      ],
      [
        29,
        41
      ],
      [
        28,
        83
      ],
      [
        14,
        28
      ],
      [
        68,
        97
      ],
      [
        40,
        41
      ],
      [
        41,
        81
      ],
      [
        57,
        70
      ],
      [
        27,
        70
      ],
      [
        41,
        44
      ],
      [
        15,
        45
      ],
      [
        70,
        88
      ],
      [
        21,
        88
      ],
      [
        81,
        89
      ],
      [
        88,
        89
      ],
      [
        21,
        89
      ],
      [
        28,
        85
      ],
      [
        81,
        88
      ],
      [
        28,
        37
      ],
      [
        14,
        37
      ]
    ],
    [
      [
        66,
        75
      ],
      [
        7,
        66
      ],
      [
        7,
        75
      ],
      [
        27,
        46
      ],
      [
        37,
        46
      ],
      [
        27,
        37
      ],
      [
        0,
        54
      ],
      [
        75,
        93
      ],
      [
        52,
        71
      ],
      [
        71,
        80
      ],
      [
        52,
        80
      ],
      [
        60,
        80
      ],
      [
        76,
        80
      ],
      [
        60,
        76
      ],
      [
        3,
        27
      ],
      [
        27,
        64
      ],
      [
        3,
        64
      ],
      [
        62,
        79
      ],
      [
        74,
        79
      ],
      [
        62,
        74
      ],
      [
        3,
        46
      ],
      [
        46,
        64
      ],
      [
        47,
        64
      ],
      [
        35,
        64
      ],
      [
        35,
        47
      ],
      [
        42,
        82
      ],
      [
        66,
        82
      ],
      [
        42,
        66
      ],
      [
        29,
        44
      ],
      [
        40,
        44
      ],
      [
        29,
        40
      ],
      [
        95,
        99
      ],
      [
        20,
        95
      ],
      [
        20,
        99
      ],
      [
        32,
        93
      ],
      [
        86,
        93
      ],
      [
        32,
        86
      ],
      [
        4,
        64
      ],
      [
        1,
        72
      ],
      [
        29,
        42
      ],
      [
        38,
        56
      ],
      [
        16,
        56
      ],
      [
        83,
        89
      ],
      [
        6,
        31
      ],
      [
        30,
        31
      ],
      [
        29,
        81
      ],
      [
        41,
        81
      ],
      [
        59,
        90
      ],
      [
        48,
        59
      ],
      [
        19,
        60
      ],
      [
        10,
        60
      ],
      [
        2,
        92
      ],
      [
        2,
        96
      ],
      [
        92,
        96
      ],
      [
        35,
        77
      ],
      [
        20,
        35
      ],
      [
        36,
        45
      ],
      [
        20,
        45
      ],
      [
        20,
        36
      ],
      [
        76,
        97
      ],
      [
        75,
        81
      ],
      [
        66,
        81
      ],
      [
        29,
        66
      ],
      [
        38,
        40
      ],
      [
        40,
        57
      ],
      [
        38,
        57
      ],
      [
        75,
        89
      ],
      [
        21,
        83
      ],
      [
        70,
        83
      ],
      [
        19,
        94
      ],
      [
        67,
        74
      ],
      [
        67,
        79
      ],
      [
        15,
        36
      ],
      [
        7,
        82
      ],
      [
        57,
        85
      ],
      [
        47,
        49
      ],
      [
        49,
        90
      ],
      [
        4,
        69
      ],
      [
        56,
        69
      ],
      [
        12,
        90
      ],
      [
        59,
        98
      ],
      [
        59,
        62
      ],
      [
        10,
        53
      ],
      [
        5,
        51
      ],
      [
        22,
        38
      ],
      [
        31,
        84
      ],
      [
        38,
        46
      ],
      [
        1,
        59
      ],
      [
        1,
        62
      ],
      [
        27,
        28
      ],
      [
        80,
        97
      ],
      [
        52,
        68
      ],
      [
        63,
        67
      ],
      [
        63,
        73
      ],
      [
        11,
        91
      ],
      [
        11,
        43
      ],
      [
        12,
        78
      ],
      [
        39,
        91
      ],
      [
        11,
        39
      ],
      [
        43,
        74
      ],
      [
        11,
        74
      ],
      [
        71,
        75
      ],
      [
        71,
        93
      ],
      [
        11,
        31
      ],
      [
        31,
        58
      ],
      [
        11,
        58
      ],
      [
        75,
        97
      ],
      [
        71,
        97
      ],
      [
        51,
        52
      ],
      [
        52,
        65
      ],
      [
        51,
        65
      ],
      [
        76,
        94
      ],
      [
        60,
        94
      ],
      [
        47,
        90
      ],
      [
        48,
        90
      ],
      [
        47,
        48
      ],
      [
        2,
        76
      ],
      [
        2,
        94
      ],
      [
        0,
        84
      ],
      [
        0,
        51
      ],
      [
        51,
        84
      ],
      [
        10,
        22
      ],
      [
        10,
        19
      ],
      [
        19,
        22
      ],
      [
        7,
        96
      ],
      [
        75,
        96
      ],
      [
        48,
        69
      ],
      [
        47,
        69
      ],
      [
        5,
        50
      ],
      [
        50,
        58
      ],
      [
        5,
        58
      ],
      [
        29,
        41
      ],
      [
        41,
        70
      ],
      [
        29,
        70
      ],
      [
        9,
        35
      ],
      [
        9,
        47
      ],
      [
        92,
        94
      ],
      [
        42,
        92
      ],
      [
        42,
        94
      ],
      [
        14,
        26
      ],
      [
        14,
        91
      ],
      [
        26,
        91
      ],
      [
        4,
        56
      ],
      [
        46,
        56
      ],
      [
        4,
        46
      ],
      [
        5,
        84
      ],
      [
        58,
        84
      ],
      [
        8,
        38
      ],
      [
        16,
        38
      ],
      [
        8,
        16
      ],
      [
        20,
        77
      ],
      [
        15,
        77
      ],
      [
        15,
        20
      ],
      [
        54,
        84
      ],
      [
        30,
        84
      ],
      [
        30,
        54
      ],
      [
        18,
        39
      ],
      [
        18,
        54
      ],
      [
        39,
        54
      ],
      [
        23,
        24
      ],
      [
        24,
        79
      ],
      [
        23,
        79
      ],
      [
        37,
        85
      ],
      [
        37,
        38
      ],
      [
        38,
        85
      ],
      [
        33,
        43
      ],
      [
        33,
        91
      ],
      [
        43,
        91
      ],
      [
        55,
        57
      ],
      [
        44,
        57
      ],
      [
        44,
        55
      ],
      [
        24,
        72
      ],
      [
        72,
        87
      ],
      [
        24,
        87
      ],
      [
        25,
        79
      ],
      [
        24,
        25
      ],
      [
        23,
        72
      ],
      [
        59,
        87
      ],
      [
        59,
        72
      ],
      [
        78,
        90
      ],
      [
        78,
        87
      ],
      [
        87,
        90
      ],
      [
        31,
        54
      ],
      [
        31,
        39
      ],
      [
        9,
        95
      ],
      [
        9,
        99
      ],
      [
        17,
        23
      ],
      [
        17,
        72
      ],
      [
        28,
        37
      ],
      [
        28,
        85
      ],
      [
        35,
        95
      ],
      [
        25,
        73
      ],
      [
        67,
        73
      ],
      [
        25,
        67
      ],
      [
        52,
        62
      ],
      [
        52,
        74
      ],
      [
        53,
        98
      ],
      [
        62,
        98
      ],
      [
        53,
        62
      ],
      [
        76,
        96
      ],
      [
        75,
        76
      ],
      [
        7,
        42
      ],
      [
        42,
        96
      ],
      [
        21,
        70
      ],
      [
        21,
        29
      ],
      [
        60,
        62
      ],
      [
        62,
        80
      ],
      [
        71,
        86
      ],
      [
        52,
        86
      ],
      [
        22,
        42
      ],
      [
        22,
        94
      ],
      [
        6,
        30
      ],
      [
        6,
        54
      ],
      [
        32,
        68
      ],
      [
        68,
        86
      ],
      [
        12,
        24
      ],
      [
        12,
        49
      ],
      [
        24,
        49
      ],
      [
        8,
        10
      ],
      [
        8,
        22
      ],
      [
        20,
        26
      ],
      [
        14,
        20
      ],
      [
        26,
        61
      ],
      [
        61,
        67
      ],
      [
        26,
        67
      ],
      [
        8,
        98
      ],
      [
        10,
        98
      ],
      [
        16,
        48
      ],
      [
        16,
        69
      ],
      [
        14,
        83
      ],
      [
        88,
        89
      ],
      [
        34,
        89
      ],
      [
        34,
        88
      ],
      [
        15,
        27
      ],
      [
        27,
        77
      ],
      [
        43,
        61
      ],
      [
        61,
        74
      ],
      [
        21,
        44
      ],
      [
        21,
        55
      ],
      [
        64,
        77
      ],
      [
        12,
        87
      ],
      [
        14,
        45
      ],
      [
        14,
        36
      ],
      [
        13,
        28
      ],
      [
        13,
        27
      ],
      [
        55,
        85
      ],
      [
        21,
        85
      ],
      [
        34,
        70
      ],
      [
        34,
        83
      ],
      [
        53,
        60
      ],
      [
        38,
        42
      ],
      [
        40,
        42
      ],
      [
        28,
        83
      ],
      [
        14,
        28
      ],
      [
        28,
        36
      ],
      [
        13,
        36
      ],
      [
        9,
        25
      ],
      [
        25,
        47
      ],
      [
        26,
        43
      ],
      [
        4,
        47
      ],
      [
        17,
        62
      ],
      [
        17,
        79
      ],
      [
        50,
        65
      ],
      [
        50,
        51
      ],
      [
        70,
        88
      ],
      [
        11,
        50
      ],
      [
        81,
        88
      ],
      [
        41,
        88
      ],
      [
        50,
        74
      ],
      [
        81,
        89
      ],
      [
        73,
        99
      ],
      [
        9,
        73
      ],
      [
        83,
        85
      ],
      [
        8,
        59
      ],
      [
        25,
        49
      ],
      [
        20,
        63
      ],
      [
        26,
        63
      ],
      [
        1,
        17
      ],
      [
        26,
        33
      ],
      [
        13,
        15
      ],
      [
        8,
        48
      ],
      [
        63,
        99
      ],
      [
        50,
        52
      ]
    ]
  ]
}