{
  "content_type": "CGSHOP2026_Instance",
  "instance_uid": "example_ps_50_nt4_pfd10_tsplib",
  "points_x": [
    10375,
    3825,
    9675,
    3525,
    10275,
    10275,
    4975,
    3725,
    10275,
    10075,
    9975,
    3675,
    10175,
    10275,
    4225,
    9875,
    3825,
    9975,
    9675,
    10275,
    4125,
    3525,
    9775,
    11125,
    4125,
    11025,
    10175,
    10275,
    4225,
    9675,
    10075,
    10375,
    3625,
    10275,
    10175,
    4025,
    3925,
    4225,
    3825,
    11125,
    9775,
    3825,
    10375,
    3725,
    9775,
    4275,
    9775,
    9975,
    10375,
    4875
  ],
  "points_y": [
    5850,
    3650,
    5350,
    8600,
    3850,
    5150,
    3750,
    4150,
    4850,
    5350,
    8750,
    8050,
    4850,
    4350,
    4350,
    4350,
    3850,
    4150,
    6150,
    5650,
    6150,
    3200,
    5150,
    3750,
    5350,
    6100,
    5150,
    5350,
    4850,
    3850,
    4350,
    3650,
    8300,
    4150,
    4650,
    8600,
    5150,
    4650,
    8600,
    3900,
    4850,
    6150,
    5650,
    5650,
    8300,
    8850,
    3350,
    5850,
    4850,
    6100
  ],
  "triangulations": [
    [
      [
        20,
        37
      ],
      [
        18,
        44
      ],
      [
        44,
        45
      ],
      [
        8,
        48
      ],
      [
        8,
        13
      ],
      [
        21,
        29
      ],
      [
        2,
        29
      ],
      [
        29,
        46
      ],
      [
        4,
        46
      ],
      [
        4,
        29
      ],
      [
        42,
        48
      ],
      [
        25,
        48
      ],
      [
        23,
        39
      ],
      [
        2,
        40
      ],
      [
        22,
        40
      ],
      [
        32,
        45
      ],
      [
        16,
        43
      ],
      [
        3,
        43
      ],
      [
        3,
        16
      ],
      [
        32,
        35
      ],
      [
        35,
        45
      ],
      [
        1,
        6
      ],
      [
        6,
        14
      ],
      [
        21,
        46
      ],
      [
        4,
        17
      ],
      [
        20,
        35
      ],
      [
        20,
        45
      ],
      [
        20,
        32
      ],
      [
        2,
        19
      ],
      [
        6,
        19
      ],
      [
        6,
        28
      ],
      [
        28,
        37
      ],
      [
        6,
        37
      ],
      [
        14,
        37
      ],
      [
        47,
        49
      ],
      [
        42,
        49
      ],
      [
        36,
        43
      ],
      [
        18,
        47
      ],
      [
        6,
        20
      ],
      [
        20,
        28
      ],
      [
        8,
        34
      ],
      [
        30,
        34
      ],
      [
        8,
        30
      ],
      [
        11,
        43
      ],
      [
        11,
        32
      ],
      [
        32,
        43
      ],
      [
        3,
        7
      ],
      [
        1,
        7
      ],
      [
        1,
        3
      ],
      [
        32,
        38
      ],
      [
        3,
        38
      ],
      [
        3,
        32
      ],
      [
        38,
        45
      ],
      [
        3,
        45
      ],
      [
        3,
        21
      ],
      [
        19,
        49
      ],
      [
        20,
        49
      ],
      [
        19,
        20
      ],
      [
        24,
        36
      ],
      [
        16,
        36
      ],
      [
        16,
        24
      ],
      [
        29,
        34
      ],
      [
        8,
        29
      ],
      [
        11,
        20
      ],
      [
        11,
        41
      ],
      [
        20,
        41
      ],
      [
        8,
        12
      ],
      [
        5,
        8
      ],
      [
        5,
        12
      ],
      [
        41,
        43
      ],
      [
        5,
        42
      ],
      [
        8,
        42
      ],
      [
        44,
        47
      ],
      [
        42,
        47
      ],
      [
        42,
        44
      ],
      [
        26,
        27
      ],
      [
        12,
        26
      ],
      [
        12,
        27
      ],
      [
        9,
        22
      ],
      [
        22,
        26
      ],
      [
        9,
        26
      ],
      [
        2,
        6
      ],
      [
        6,
        21
      ],
      [
        2,
        21
      ],
      [
        10,
        44
      ],
      [
        10,
        42
      ],
      [
        2,
        22
      ],
      [
        2,
        9
      ],
      [
        45,
        49
      ],
      [
        18,
        49
      ],
      [
        18,
        45
      ],
      [
        20,
        36
      ],
      [
        36,
        41
      ],
      [
        10,
        45
      ],
      [
        0,
        25
      ],
      [
        0,
        42
      ],
      [
        25,
        42
      ],
      [
        10,
        25
      ],
      [
        4,
        33
      ],
      [
        4,
        23
      ],
      [
        23,
        33
      ],
      [
        9,
        27
      ],
      [
        0,
        10
      ],
      [
        33,
        39
      ],
      [
        39,
        48
      ],
      [
        33,
        48
      ],
      [
        12,
        15
      ],
      [
        15,
        29
      ],
      [
        12,
        29
      ],
      [
        13,
        48
      ],
      [
        13,
        33
      ],
      [
        16,
        37
      ],
      [
        24,
        37
      ],
      [
        25,
        39
      ],
      [
        17,
        30
      ],
      [
        17,
        34
      ],
      [
        14,
        16
      ],
      [
        1,
        16
      ],
      [
        1,
        14
      ],
      [
        17,
        29
      ],
      [
        7,
        21
      ],
      [
        1,
        21
      ],
      [
        15,
        40
      ],
      [
        29,
        40
      ],
      [
        27,
        42
      ],
      [
        5,
        27
      ],
      [
        26,
        40
      ],
      [
        15,
        26
      ],
      [
        9,
        42
      ],
      [
        23,
        46
      ],
      [
        17,
        33
      ],
      [
        31,
        46
      ],
      [
        4,
        31
      ],
      [
        20,
        24
      ],
      [
        23,
        31
      ],
      [
        13,
        30
      ],
      [
        13,
        17
      ],
      [
        19,
        42
      ],
      [
        9,
        19
      ]
    ],
    [
      [
        5,
        12
      ],
      [
        16,
        36
      ],
      [
        28,
        47
      ],
      [
        5,
        34
      ],
      [
        13,
        33
      ],
      [
        13,
        34
      ],
      [
        33,
        34
      ],
      [
        35,
        45
      ],
      [
        11,
        35
      ],
      [
        33,
        48
      ],
      [
        31,
        48
      ],
      [
        27,
        48
      ],
      [
        5,
        27
      ],
      [
        5,
        48
      ],
      [
        18,
        44
      ],
      [
        18,
        19
      ],
      [
        19,
        44
      ],
      [
        29,
        46
      ],
      [
        29,
        31
      ],
      [
        2,
        40
      ],
      [
        22,
        40
      ],
      [
        2,
        22
      ],
      [
        5,
        26
      ],
      [
        26,
        40
      ],
      [
        5,
        40
      ],
      [
        8,
        34
      ],
      [
        8,
        13
      ],
      [
        0,
        25
      ],
      [
        10,
        25
      ],
      [
        0,
        10
      ],
      [
        13,
        48
      ],
      [
        8,
        48
      ],
      [
        20,
        24
      ],
      [
        11,
        24
      ],
      [
        21,
        46
      ],
      [
        4,
        29
      ],
      [
        17,
        29
      ],
      [
        30,
        34
      ],
      [
        30,
        33
      ],
      [
        41,
        43
      ],
      [
        16,
        41
      ],
      [
        35,
        38
      ],
      [
        11,
        38
      ],
      [
        2,
        9
      ],
      [
        9,
        42
      ],
      [
        2,
        42
      ],
      [
        6,
        40
      ],
      [
        17,
        30
      ],
      [
        17,
        34
      ],
      [
        15,
        40
      ],
      [
        5,
        15
      ],
      [
        10,
        44
      ],
      [
        0,
        44
      ],
      [
        6,
        21
      ],
      [
        21,
        40
      ],
      [
        29,
        34
      ],
      [
        15,
        21
      ],
      [
        12,
        34
      ],
      [
        12,
        29
      ],
      [
        32,
        38
      ],
      [
        11,
        32
      ],
      [
        32,
        43
      ],
      [
        32,
        41
      ],
      [
        21,
        29
      ],
      [
        12,
        15
      ],
      [
        15,
        29
      ],
      [
        38,
        45
      ],
      [
        3,
        38
      ],
      [
        3,
        45
      ],
      [
        7,
        32
      ],
      [
        44,
        49
      ],
      [
        44,
        45
      ],
      [
        45,
        49
      ],
      [
        28,
        49
      ],
      [
        28,
        45
      ],
      [
        28,
        37
      ],
      [
        24,
        28
      ],
      [
        9,
        27
      ],
      [
        9,
        22
      ],
      [
        22,
        27
      ],
      [
        19,
        47
      ],
      [
        37,
        47
      ],
      [
        19,
        37
      ],
      [
        18,
        49
      ],
      [
        27,
        40
      ],
      [
        19,
        42
      ],
      [
        14,
        19
      ],
      [
        14,
        42
      ],
      [
        26,
        27
      ],
      [
        24,
        41
      ],
      [
        36,
        41
      ],
      [
        7,
        21
      ],
      [
        1,
        21
      ],
      [
        1,
        7
      ],
      [
        10,
        45
      ],
      [
        18,
        28
      ],
      [
        0,
        42
      ],
      [
        0,
        19
      ],
      [
        27,
        42
      ],
      [
        5,
        8
      ],
      [
        18,
        47
      ],
      [
        25,
        39
      ],
      [
        23,
        25
      ],
      [
        24,
        45
      ],
      [
        0,
        23
      ],
      [
        1,
        16
      ],
      [
        24,
        32
      ],
      [
        4,
        17
      ],
      [
        4,
        33
      ],
      [
        17,
        33
      ],
      [
        7,
        43
      ],
      [
        7,
        16
      ],
      [
        16,
        43
      ],
      [
        11,
        20
      ],
      [
        20,
        45
      ],
      [
        11,
        45
      ],
      [
        14,
        16
      ],
      [
        14,
        37
      ],
      [
        16,
        37
      ],
      [
        23,
        46
      ],
      [
        23,
        31
      ],
      [
        31,
        46
      ],
      [
        23,
        39
      ],
      [
        24,
        36
      ],
      [
        36,
        37
      ],
      [
        24,
        37
      ],
      [
        3,
        32
      ],
      [
        3,
        21
      ],
      [
        21,
        32
      ],
      [
        4,
        31
      ],
      [
        31,
        33
      ],
      [
        2,
        14
      ],
      [
        1,
        14
      ],
      [
        1,
        2
      ],
      [
        1,
        6
      ],
      [
        2,
        6
      ],
      [
        42,
        48
      ],
      [
        23,
        48
      ],
      [
        23,
        42
      ]
    ],
    [
      [
        1,
        21
      ],
      [
        8,
        42
      ],
      [
        42,
        48
      ],
      [
        11,
        43
      ],
      [
        11,
        32
      ],
      [
        32,
        43
      ],
      [
        2,
        6
      ],
      [
        6,
        42
      ],
      [
        16,
        19
      ],
      [
        19,
        47
      ],
      [
        16,
        47
      ],
      [
        24,
        37
      ],
      [
        20,
        37
      ],
      [
        12,
        34
      ],
      [
        12,
        17
      ],
      [
        17,
        34
      ],
      [
        34,
        48
      ],
      [
        8,
        48
      ],
      [
        8,
        34
      ],
      [
        18,
        44
      ],
      [
        18,
        47
      ],
      [
        44,
        47
      ],
      [
        6,
        16
      ],
      [
        16,
        42
      ],
      [
        13,
        33
      ],
      [
        13,
        34
      ],
      [
        0,
        19
      ],
      [
        19,
        44
      ],
      [
        1,
        6
      ],
      [
        1,
        16
      ],
      [
        21,
        46
      ],
      [
        4,
        29
      ],
      [
        4,
        17
      ],
      [
        17,
        29
      ],
      [
        39,
        48
      ],
      [
        23,
        48
      ],
      [
        31,
        48
      ],
      [
        9,
        26
      ],
      [
        5,
        26
      ],
      [
        5,
        9
      ],
      [
        16,
        24
      ],
      [
        24,
        36
      ],
      [
        16,
        36
      ],
      [
        19,
        42
      ],
      [
        4,
        21
      ],
      [
        9,
        27
      ],
      [
        27,
        42
      ],
      [
        44,
        45
      ],
      [
        18,
        45
      ],
      [
        14,
        16
      ],
      [
        14,
        24
      ],
      [
        5,
        27
      ],
      [
        4,
        33
      ],
      [
        31,
        33
      ],
      [
        32,
        35
      ],
      [
        35,
        38
      ],
      [
        32,
        38
      ],
      [
        5,
        42
      ],
      [
        7,
        43
      ],
      [
        7,
        36
      ],
      [
        36,
        43
      ],
      [
        11,
        35
      ],
      [
        45,
        47
      ],
      [
        38,
        45
      ],
      [
        3,
        38
      ],
      [
        3,
        32
      ],
      [
        3,
        45
      ],
      [
        3,
        21
      ],
      [
        22,
        26
      ],
      [
        26,
        40
      ],
      [
        4,
        30
      ],
      [
        7,
        21
      ],
      [
        7,
        32
      ],
      [
        21,
        32
      ],
      [
        11,
        20
      ],
      [
        11,
        41
      ],
      [
        25,
        39
      ],
      [
        25,
        44
      ],
      [
        17,
        30
      ],
      [
        9,
        22
      ],
      [
        7,
        16
      ],
      [
        12,
        40
      ],
      [
        5,
        12
      ],
      [
        5,
        40
      ],
      [
        20,
        35
      ],
      [
        35,
        37
      ],
      [
        10,
        44
      ],
      [
        10,
        25
      ],
      [
        10,
        45
      ],
      [
        5,
        8
      ],
      [
        5,
        34
      ],
      [
        28,
        49
      ],
      [
        45,
        49
      ],
      [
        14,
        47
      ],
      [
        28,
        37
      ],
      [
        12,
        15
      ],
      [
        15,
        29
      ],
      [
        12,
        29
      ],
      [
        14,
        37
      ],
      [
        37,
        49
      ],
      [
        37,
        47
      ],
      [
        47,
        49
      ],
      [
        15,
        40
      ],
      [
        13,
        48
      ],
      [
        13,
        31
      ],
      [
        1,
        7
      ],
      [
        6,
        21
      ],
      [
        2,
        9
      ],
      [
        9,
        42
      ],
      [
        2,
        42
      ],
      [
        21,
        22
      ],
      [
        2,
        22
      ],
      [
        2,
        21
      ],
      [
        21,
        29
      ],
      [
        29,
        40
      ],
      [
        21,
        40
      ],
      [
        31,
        46
      ],
      [
        4,
        31
      ],
      [
        4,
        46
      ],
      [
        22,
        40
      ],
      [
        23,
        46
      ],
      [
        23,
        31
      ],
      [
        35,
        45
      ],
      [
        28,
        35
      ],
      [
        28,
        45
      ],
      [
        23,
        39
      ],
      [
        20,
        24
      ],
      [
        20,
        41
      ],
      [
        24,
        41
      ],
      [
        41,
        43
      ],
      [
        24,
        43
      ],
      [
        0,
        42
      ],
      [
        39,
        42
      ],
      [
        0,
        39
      ],
      [
        30,
        34
      ],
      [
        30,
        33
      ],
      [
        33,
        34
      ],
      [
        0,
        44
      ],
      [
        39,
        44
      ]
    ],
    [
      [
        37,
        47
      ],
      [
        28,
        47
      ],
      [
        11,
        35
      ],
      [
        11,
        41
      ],
      [
        35,
        41
      ],
      [
        1,
        46
      ],
      [
        1,
        31
      ],
      [
        9,
        22
      ],
      [
        22,
        40
      ],
      [
        41,
        43
      ],
      [
        36,
        43
      ],
      [
        6,
        29
      ],
      [
        1,
        6
      ],
      [
        1,
        29
      ],
      [
        18,
        47
      ],
      [
        19,
        47
      ],
      [
        18,
        19
      ],
      [
        4,
        31
      ],
      [
        5,
        15
      ],
      [
        5,
        27
      ],
      [
        15,
        27
      ],
      [
        8,
        34
      ],
      [
        13,
        34
      ],
      [
        8,
        13
      ],
      [
        26,
        27
      ],
      [
        15,
        26
      ],
      [
        8,
        48
      ],
      [
        12,
        34
      ],
      [
        8,
        12
      ],
      [
        21,
        46
      ],
      [
        4,
        29
      ],
      [
        17,
        29
      ],
      [
        27,
        42
      ],
      [
        26,
        42
      ],
      [
        2,
        22
      ],
      [
        2,
        29
      ],
      [
        22,
        29
      ],
      [
        12,
        15
      ],
      [
        5,
        12
      ],
      [
        20,
        36
      ],
      [
        20,
        45
      ],
      [
        7,
        43
      ],
      [
        7,
        16
      ],
      [
        16,
        43
      ],
      [
        30,
        34
      ],
      [
        17,
        34
      ],
      [
        28,
        49
      ],
      [
        20,
        49
      ],
      [
        20,
        28
      ],
      [
        18,
        49
      ],
      [
        47,
        49
      ],
      [
        29,
        37
      ],
      [
        2,
        37
      ],
      [
        12,
        17
      ],
      [
        32,
        35
      ],
      [
        35,
        38
      ],
      [
        32,
        38
      ],
      [
        3,
        43
      ],
      [
        11,
        43
      ],
      [
        3,
        11
      ],
      [
        5,
        42
      ],
      [
        14,
        37
      ],
      [
        14,
        29
      ],
      [
        11,
        32
      ],
      [
        21,
        43
      ],
      [
        3,
        21
      ],
      [
        35,
        45
      ],
      [
        38,
        45
      ],
      [
        3,
        38
      ],
      [
        3,
        32
      ],
      [
        3,
        45
      ],
      [
        1,
        16
      ],
      [
        1,
        14
      ],
      [
        2,
        47
      ],
      [
        2,
        19
      ],
      [
        20,
        24
      ],
      [
        24,
        28
      ],
      [
        15,
        17
      ],
      [
        24,
        36
      ],
      [
        36,
        37
      ],
      [
        24,
        37
      ],
      [
        6,
        14
      ],
      [
        2,
        9
      ],
      [
        9,
        19
      ],
      [
        28,
        37
      ],
      [
        0,
        42
      ],
      [
        39,
        42
      ],
      [
        0,
        39
      ],
      [
        29,
        31
      ],
      [
        29,
        40
      ],
      [
        10,
        45
      ],
      [
        10,
        25
      ],
      [
        0,
        19
      ],
      [
        19,
        42
      ],
      [
        9,
        42
      ],
      [
        5,
        48
      ],
      [
        5,
        8
      ],
      [
        5,
        39
      ],
      [
        15,
        40
      ],
      [
        25,
        39
      ],
      [
        15,
        29
      ],
      [
        45,
        49
      ],
      [
        18,
        45
      ],
      [
        0,
        25
      ],
      [
        18,
        44
      ],
      [
        44,
        45
      ],
      [
        0,
        18
      ],
      [
        16,
        36
      ],
      [
        14,
        16
      ],
      [
        14,
        36
      ],
      [
        4,
        17
      ],
      [
        4,
        33
      ],
      [
        17,
        33
      ],
      [
        13,
        33
      ],
      [
        33,
        39
      ],
      [
        13,
        39
      ],
      [
        26,
        40
      ],
      [
        9,
        26
      ],
      [
        9,
        40
      ],
      [
        39,
        48
      ],
      [
        13,
        48
      ],
      [
        23,
        46
      ],
      [
        23,
        31
      ],
      [
        31,
        46
      ],
      [
        41,
        45
      ],
      [
        36,
        41
      ],
      [
        36,
        45
      ],
      [
        23,
        39
      ],
      [
        13,
        30
      ],
      [
        17,
        30
      ],
      [
        13,
        17
      ],
      [
        10,
        44
      ],
      [
        0,
        44
      ],
      [
        0,
        10
      ],
      [
        4,
        39
      ],
      [
        4,
        23
      ],
      [
        7,
        21
      ],
      [
        1,
        21
      ],
      [
        1,
        7
      ]
    ]
  ]
}