{
  "content_type": "CGSHOP2026_Instance",
  "instance_uid": "example_ps_100_nt8_pfd20_tsplib",
  "points_x": [
    2586,
    2574,
    22,
    2916,
    2573,
    1419,
    463,
    2721,
    1115,
    457,
    3875,
    2599,
    382,
    3913,
    2753,
    2716,
    3613,
    1256,
    2678,
    876,
    2863,
    3447,
    3815,
    3941,
    3104,
    2945,
    3029,
    1380,
    2849,
    1689,
    1795,
    2961,
    742,
    178,
    3510,
    928,
    1513,
    3893,
    1178,
    3404,
    3520,
    91,
    1741,
    1280,
    2186,
    285,
    1067,
    1429,
    2609,
    1424,
    53,
    2573,
    123,
    1393,
    1754,
    217,
    3955,
    1251,
    953,
    2588,
    538,
    3548,
    984,
    2097,
    1286,
    327,
    2445,
    3646,
    3640,
    929,
    2597,
    3113,
    1247,
    920,
    48,
    1628,
    3502,
    3022,
    2848,
    2936,
    2139,
    3756,
    2542,
    198,
    890,
    872,
    3972,
    374,
    2991,
    1621,
    53,
    3479,
    741,
    3083,
    241,
    3950,
    938,
    3527,
    3384,
    3232
  ],
  "points_y": [
    1286,
    946,
    987,
    1724,
    599,
    872,
    1670,
    1482,
    1052,
    334,
    598,
    901,
    872,
    192,
    283,
    1432,
    523,
    61,
    1825,
    220,
    558,
    1830,
    169,
    258,
    1931,
    1622,
    1242,
    939,
    1214,
    1223,
    962,
    1605,
    1025,
    24,
    1671,
    1700,
    1646,
    102,
    100,
    1307,
    1079,
    1732,
    712,
    237,
    766,
    1029,
    371,
    134,
    1286,
    1728,
    857,
    1969,
    862,
    1368,
    559,
    38,
    1743,
    1832,
    268,
    302,
    1023,
    1999,
    965,
    981,
    525,
    265,
    1820,
    1758,
    43,
    1766,
    1830,
    885,
    1945,
    1835,
    154,
    253,
    1067,
    474,
    96,
    337,
    1806,
    882,
    236,
    1810,
    1846,
    1559,
    329,
    9,
    792,
    1830,
    1657,
    821,
    146,
    1938,
    341,
    1558,
    955,
    41,
    1498,
    324
  ],
  "triangulations": [
    [
      [
        7,
        15
      ],
      [
        45,
        50
      ],
      [
        50,
        85
      ],
      [
        69,
        89
      ],
      [
        33,
        87
      ],
      [
        33,
        55
      ],
      [
        30,
        63
      ],
      [
        30,
        42
      ],
      [
        36,
        80
      ],
      [
        49,
        80
      ],
      [
        16,
        26
      ],
      [
        15,
        26
      ],
      [
        29,
        66
      ],
      [
        27,
        66
      ],
      [
        74,
        94
      ],
      [
        63,
        70
      ],
      [
        30,
        70
      ],
      [
        29,
        51
      ],
      [
        59,
        82
      ],
      [
        50,
        52
      ],
      [
        35,
        69
      ],
      [
        6,
        50
      ],
      [
        5,
        27
      ],
      [
        5,
        87
      ],
      [
        73,
        83
      ],
      [
        46,
        87
      ],
      [
        53,
        80
      ],
      [
        39,
        40
      ],
      [
        22,
        99
      ],
      [
        22,
        88
      ],
      [
        54,
        82
      ],
      [
        47,
        97
      ],
      [
        38,
        47
      ],
      [
        3,
        98
      ],
      [
        3,
        18
      ],
      [
        18,
        98
      ],
      [
        40,
        76
      ],
      [
        76,
        91
      ],
      [
        40,
        91
      ],
      [
        56,
        86
      ],
      [
        17,
        92
      ],
      [
        17,
        38
      ],
      [
        38,
        92
      ],
      [
        15,
        48
      ],
      [
        15,
        70
      ],
      [
        48,
        70
      ],
      [
        4,
        77
      ],
      [
        4,
        54
      ],
      [
        54,
        77
      ],
      [
        55,
        87
      ],
      [
        65,
        87
      ],
      [
        55,
        65
      ],
      [
        55,
        74
      ],
      [
        65,
        74
      ],
      [
        33,
        74
      ],
      [
        12,
        96
      ],
      [
        62,
        96
      ],
      [
        12,
        62
      ],
      [
        87,
        92
      ],
      [
        17,
        87
      ],
      [
        45,
        60
      ],
      [
        60,
        85
      ],
      [
        45,
        85
      ],
      [
        5,
        30
      ],
      [
        30,
        66
      ],
      [
        5,
        66
      ],
      [
        87,
        97
      ],
      [
        17,
        97
      ],
      [
        79,
        99
      ],
      [
        59,
        79
      ],
      [
        59,
        99
      ],
      [
        43,
        75
      ],
      [
        43,
        47
      ],
      [
        47,
        75
      ],
      [
        10,
        95
      ],
      [
        10,
        23
      ],
      [
        23,
        95
      ],
      [
        58,
        75
      ],
      [
        75,
        82
      ],
      [
        58,
        82
      ],
      [
        23,
        86
      ],
      [
        86,
        95
      ],
      [
        26,
        31
      ],
      [
        26,
        91
      ],
      [
        31,
        91
      ],
      [
        45,
        52
      ],
      [
        52,
        94
      ],
      [
        45,
        94
      ],
      [
        51,
        72
      ],
      [
        72,
        83
      ],
      [
        51,
        83
      ],
      [
        51,
        66
      ],
      [
        30,
        51
      ],
      [
        16,
        91
      ],
      [
        16,
        40
      ],
      [
        56,
        95
      ],
      [
        56,
        61
      ],
      [
        61,
        95
      ],
      [
        11,
        20
      ],
      [
        4,
        11
      ],
      [
        4,
        20
      ],
      [
        7,
        31
      ],
      [
        7,
        26
      ],
      [
        83,
        84
      ],
      [
        51,
        84
      ],
      [
        2,
        90
      ],
      [
        2,
        50
      ],
      [
        50,
        90
      ],
      [
        38,
        97
      ],
      [
        42,
        44
      ],
      [
        44,
        63
      ],
      [
        42,
        63
      ],
      [
        13,
        40
      ],
      [
        13,
        23
      ],
      [
        23,
        40
      ],
      [
        54,
        79
      ],
      [
        77,
        79
      ],
      [
        15,
        71
      ],
      [
        16,
        71
      ],
      [
        15,
        16
      ],
      [
        54,
        59
      ],
      [
        50,
        74
      ],
      [
        2,
        74
      ],
      [
        54,
        64
      ],
      [
        46,
        64
      ],
      [
        46,
        54
      ],
      [
        36,
        49
      ],
      [
        49,
        85
      ],
      [
        36,
        85
      ],
      [
        46,
        58
      ],
      [
        54,
        58
      ],
      [
        19,
        92
      ],
      [
        19,
        46
      ],
      [
        46,
        92
      ],
      [
        27,
        62
      ],
      [
        27,
        29
      ],
      [
        29,
        62
      ],
      [
        12,
        60
      ],
      [
        12,
        32
      ],
      [
        32,
        60
      ],
      [
        27,
        87
      ],
      [
        62,
        87
      ],
      [
        32,
        62
      ],
      [
        78,
        82
      ],
      [
        68,
        78
      ],
      [
        68,
        82
      ],
      [
        41,
        90
      ],
      [
        39,
        91
      ],
      [
        31,
        39
      ],
      [
        6,
        90
      ],
      [
        6,
        35
      ],
      [
        35,
        90
      ],
      [
        51,
        80
      ],
      [
        8,
        80
      ],
      [
        8,
        51
      ],
      [
        39,
        76
      ],
      [
        32,
        85
      ],
      [
        19,
        58
      ],
      [
        8,
        53
      ],
      [
        36,
        53
      ],
      [
        8,
        36
      ],
      [
        57,
        73
      ],
      [
        69,
        73
      ],
      [
        57,
        69
      ],
      [
        61,
        72
      ],
      [
        51,
        61
      ],
      [
        20,
        88
      ],
      [
        28,
        88
      ],
      [
        20,
        28
      ],
      [
        12,
        94
      ],
      [
        12,
        45
      ],
      [
        51,
        89
      ],
      [
        49,
        89
      ],
      [
        49,
        51
      ],
      [
        94,
        96
      ],
      [
        42,
        54
      ],
      [
        4,
        42
      ],
      [
        9,
        96
      ],
      [
        74,
        96
      ],
      [
        9,
        74
      ],
      [
        18,
        25
      ],
      [
        25,
        98
      ],
      [
        13,
        16
      ],
      [
        16,
        22
      ],
      [
        13,
        22
      ],
      [
        1,
        44
      ],
      [
        4,
        44
      ],
      [
        1,
        4
      ],
      [
        15,
        28
      ],
      [
        28,
        71
      ],
      [
        9,
        62
      ],
      [
        0,
        70
      ],
      [
        0,
        48
      ],
      [
        62,
        85
      ],
      [
        36,
        62
      ],
      [
        1,
        48
      ],
      [
        1,
        11
      ],
      [
        11,
        48
      ],
      [
        43,
        58
      ],
      [
        7,
        18
      ],
      [
        18,
        51
      ],
      [
        7,
        51
      ],
      [
        25,
        31
      ],
      [
        18,
        31
      ],
      [
        0,
        1
      ],
      [
        8,
        62
      ],
      [
        69,
        90
      ],
      [
        73,
        90
      ],
      [
        5,
        64
      ],
      [
        30,
        64
      ],
      [
        57,
        89
      ],
      [
        73,
        89
      ],
      [
        18,
        93
      ],
      [
        3,
        93
      ],
      [
        14,
        68
      ],
      [
        14,
        59
      ],
      [
        59,
        68
      ],
      [
        51,
        93
      ],
      [
        84,
        89
      ],
      [
        73,
        84
      ],
      [
        71,
        88
      ],
      [
        16,
        88
      ],
      [
        5,
        46
      ],
      [
        34,
        67
      ],
      [
        34,
        39
      ],
      [
        39,
        67
      ],
      [
        9,
        65
      ],
      [
        67,
        81
      ],
      [
        10,
        81
      ],
      [
        10,
        67
      ],
      [
        19,
        43
      ],
      [
        24,
        61
      ],
      [
        21,
        24
      ],
      [
        21,
        61
      ],
      [
        61,
        93
      ],
      [
        24,
        93
      ],
      [
        39,
        98
      ],
      [
        34,
        98
      ],
      [
        0,
        63
      ],
      [
        0,
        44
      ],
      [
        21,
        67
      ],
      [
        61,
        67
      ],
      [
        11,
        15
      ],
      [
        77,
        88
      ],
      [
        77,
        99
      ],
      [
        88,
        99
      ],
      [
        21,
        34
      ],
      [
        8,
        29
      ],
      [
        23,
        81
      ],
      [
        40,
        81
      ],
      [
        52,
        74
      ],
      [
        35,
        85
      ],
      [
        35,
        50
      ],
      [
        19,
        47
      ],
      [
        47,
        92
      ],
      [
        93,
        98
      ],
      [
        35,
        49
      ],
      [
        49,
        69
      ],
      [
        11,
        28
      ],
      [
        42,
        64
      ],
      [
        41,
        83
      ],
      [
        83,
        90
      ],
      [
        22,
        59
      ],
      [
        20,
        77
      ],
      [
        14,
        22
      ],
      [
        9,
        87
      ],
      [
        39,
        81
      ],
      [
        68,
        97
      ],
      [
        47,
        68
      ],
      [
        47,
        82
      ],
      [
        51,
        70
      ],
      [
        15,
        51
      ],
      [
        47,
        78
      ],
      [
        37,
        68
      ],
      [
        67,
        95
      ],
      [
        22,
        68
      ],
      [
        22,
        37
      ],
      [
        13,
        37
      ],
      [
        23,
        37
      ],
      [
        37,
        86
      ],
      [
        24,
        34
      ],
      [
        34,
        93
      ],
      [
        25,
        39
      ]
    ],
    [
      [
        54,
        64
      ],
      [
        16,
        76
      ],
      [
        14,
        99
      ],
      [
        14,
        47
      ],
      [
        47,
        99
      ],
      [
        43,
        46
      ],
      [
        43,
        59
      ],
      [
        46,
        59
      ],
      [
        6,
        69
      ],
      [
        69,
        73
      ],
      [
        6,
        73
      ],
      [
        33,
        87
      ],
      [
        55,
        87
      ],
      [
        33,
        55
      ],
      [
        5,
        27
      ],
      [
        27,
        46
      ],
      [
        5,
        46
      ],
      [
        5,
        30
      ],
      [
        5,
        64
      ],
      [
        30,
        64
      ],
      [
        58,
        87
      ],
      [
        55,
        58
      ],
      [
        4,
        79
      ],
      [
        4,
        46
      ],
      [
        46,
        79
      ],
      [
        5,
        51
      ],
      [
        27,
        51
      ],
      [
        72,
        83
      ],
      [
        83,
        84
      ],
      [
        72,
        84
      ],
      [
        60,
        85
      ],
      [
        35,
        85
      ],
      [
        35,
        60
      ],
      [
        50,
        52
      ],
      [
        45,
        52
      ],
      [
        45,
        50
      ],
      [
        37,
        82
      ],
      [
        37,
        99
      ],
      [
        82,
        99
      ],
      [
        5,
        66
      ],
      [
        51,
        66
      ],
      [
        7,
        18
      ],
      [
        18,
        70
      ],
      [
        7,
        70
      ],
      [
        49,
        85
      ],
      [
        49,
        57
      ],
      [
        57,
        85
      ],
      [
        49,
        72
      ],
      [
        49,
        89
      ],
      [
        72,
        89
      ],
      [
        51,
        70
      ],
      [
        66,
        70
      ],
      [
        49,
        60
      ],
      [
        11,
        79
      ],
      [
        11,
        63
      ],
      [
        63,
        79
      ],
      [
        27,
        65
      ],
      [
        27,
        29
      ],
      [
        29,
        65
      ],
      [
        32,
        36
      ],
      [
        36,
        49
      ],
      [
        32,
        49
      ],
      [
        0,
        63
      ],
      [
        1,
        63
      ],
      [
        0,
        1
      ],
      [
        25,
        34
      ],
      [
        34,
        67
      ],
      [
        25,
        67
      ],
      [
        47,
        82
      ],
      [
        37,
        47
      ],
      [
        30,
        66
      ],
      [
        58,
        65
      ],
      [
        55,
        65
      ],
      [
        32,
        60
      ],
      [
        60,
        74
      ],
      [
        32,
        74
      ],
      [
        74,
        94
      ],
      [
        32,
        94
      ],
      [
        10,
        81
      ],
      [
        40,
        81
      ],
      [
        9,
        27
      ],
      [
        9,
        58
      ],
      [
        27,
        58
      ],
      [
        17,
        92
      ],
      [
        38,
        92
      ],
      [
        17,
        97
      ],
      [
        68,
        97
      ],
      [
        17,
        68
      ],
      [
        65,
        74
      ],
      [
        65,
        94
      ],
      [
        76,
        91
      ],
      [
        39,
        76
      ],
      [
        39,
        91
      ],
      [
        42,
        64
      ],
      [
        12,
        52
      ],
      [
        12,
        45
      ],
      [
        33,
        74
      ],
      [
        4,
        54
      ],
      [
        46,
        54
      ],
      [
        87,
        92
      ],
      [
        17,
        87
      ],
      [
        19,
        38
      ],
      [
        19,
        43
      ],
      [
        48,
        71
      ],
      [
        87,
        97
      ],
      [
        37,
        78
      ],
      [
        43,
        75
      ],
      [
        47,
        75
      ],
      [
        40,
        95
      ],
      [
        76,
        95
      ],
      [
        4,
        63
      ],
      [
        39,
        95
      ],
      [
        44,
        54
      ],
      [
        44,
        63
      ],
      [
        19,
        92
      ],
      [
        43,
        58
      ],
      [
        19,
        58
      ],
      [
        2,
        50
      ],
      [
        50,
        90
      ],
      [
        20,
        88
      ],
      [
        1,
        88
      ],
      [
        0,
        88
      ],
      [
        51,
        93
      ],
      [
        3,
        51
      ],
      [
        16,
        28
      ],
      [
        7,
        16
      ],
      [
        59,
        75
      ],
      [
        8,
        62
      ],
      [
        62,
        94
      ],
      [
        8,
        94
      ],
      [
        46,
        64
      ],
      [
        50,
        74
      ],
      [
        52,
        74
      ],
      [
        56,
        67
      ],
      [
        21,
        56
      ],
      [
        59,
        79
      ],
      [
        16,
        22
      ],
      [
        2,
        74
      ],
      [
        16,
        37
      ],
      [
        0,
        71
      ],
      [
        4,
        44
      ],
      [
        14,
        59
      ],
      [
        59,
        99
      ],
      [
        8,
        65
      ],
      [
        8,
        80
      ],
      [
        28,
        71
      ],
      [
        22,
        71
      ],
      [
        22,
        28
      ],
      [
        25,
        31
      ],
      [
        31,
        34
      ],
      [
        41,
        90
      ],
      [
        2,
        90
      ],
      [
        53,
        80
      ],
      [
        53,
        62
      ],
      [
        62,
        80
      ],
      [
        57,
        72
      ],
      [
        35,
        69
      ],
      [
        60,
        69
      ],
      [
        20,
        79
      ],
      [
        1,
        20
      ],
      [
        1,
        79
      ],
      [
        43,
        47
      ],
      [
        38,
        43
      ],
      [
        38,
        47
      ],
      [
        71,
        99
      ],
      [
        22,
        99
      ],
      [
        34,
        95
      ],
      [
        31,
        95
      ],
      [
        29,
        51
      ],
      [
        73,
        84
      ],
      [
        72,
        73
      ],
      [
        61,
        72
      ],
      [
        51,
        72
      ],
      [
        51,
        61
      ],
      [
        36,
        89
      ],
      [
        51,
        89
      ],
      [
        80,
        89
      ],
      [
        51,
        80
      ],
      [
        7,
        66
      ],
      [
        17,
        38
      ],
      [
        17,
        78
      ],
      [
        38,
        78
      ],
      [
        13,
        37
      ],
      [
        13,
        95
      ],
      [
        37,
        95
      ],
      [
        36,
        80
      ],
      [
        21,
        67
      ],
      [
        21,
        24
      ],
      [
        24,
        67
      ],
      [
        7,
        15
      ],
      [
        15,
        28
      ],
      [
        7,
        28
      ],
      [
        36,
        53
      ],
      [
        57,
        69
      ],
      [
        35,
        57
      ],
      [
        29,
        80
      ],
      [
        65,
        80
      ],
      [
        12,
        60
      ],
      [
        12,
        69
      ],
      [
        16,
        91
      ],
      [
        26,
        91
      ],
      [
        16,
        26
      ],
      [
        7,
        25
      ],
      [
        24,
        25
      ],
      [
        7,
        24
      ],
      [
        69,
        72
      ],
      [
        10,
        95
      ],
      [
        10,
        37
      ],
      [
        71,
        77
      ],
      [
        71,
        88
      ],
      [
        77,
        88
      ],
      [
        56,
        95
      ],
      [
        23,
        95
      ],
      [
        23,
        56
      ],
      [
        73,
        83
      ],
      [
        41,
        83
      ],
      [
        41,
        73
      ],
      [
        28,
        48
      ],
      [
        15,
        48
      ],
      [
        0,
        48
      ],
      [
        0,
        15
      ],
      [
        0,
        7
      ],
      [
        54,
        63
      ],
      [
        30,
        63
      ],
      [
        30,
        54
      ],
      [
        18,
        51
      ],
      [
        30,
        42
      ],
      [
        42,
        54
      ],
      [
        3,
        24
      ],
      [
        24,
        93
      ],
      [
        3,
        93
      ],
      [
        3,
        7
      ],
      [
        3,
        18
      ],
      [
        12,
        74
      ],
      [
        47,
        78
      ],
      [
        6,
        90
      ],
      [
        73,
        90
      ],
      [
        7,
        31
      ],
      [
        23,
        86
      ],
      [
        56,
        86
      ],
      [
        40,
        76
      ],
      [
        37,
        76
      ],
      [
        37,
        40
      ],
      [
        10,
        40
      ],
      [
        34,
        56
      ],
      [
        79,
        99
      ],
      [
        20,
        99
      ],
      [
        77,
        99
      ],
      [
        20,
        77
      ],
      [
        56,
        61
      ],
      [
        31,
        98
      ],
      [
        7,
        98
      ],
      [
        7,
        26
      ],
      [
        26,
        98
      ],
      [
        22,
        37
      ],
      [
        95,
        98
      ],
      [
        6,
        45
      ],
      [
        6,
        50
      ],
      [
        26,
        39
      ],
      [
        39,
        98
      ],
      [
        46,
        58
      ],
      [
        68,
        78
      ],
      [
        21,
        93
      ],
      [
        81,
        95
      ],
      [
        1,
        11
      ],
      [
        63,
        66
      ],
      [
        7,
        63
      ],
      [
        94,
        96
      ],
      [
        36,
        96
      ],
      [
        36,
        94
      ],
      [
        21,
        61
      ],
      [
        61,
        93
      ],
      [
        19,
        87
      ],
      [
        9,
        65
      ],
      [
        14,
        75
      ],
      [
        53,
        96
      ],
      [
        62,
        96
      ],
      [
        6,
        12
      ],
      [
        37,
        68
      ],
      [
        13,
        23
      ],
      [
        23,
        37
      ],
      [
        37,
        86
      ],
      [
        33,
        65
      ]
    ],
    [
      [
        41,
        83
      ],
      [
        54,
        64
      ],
      [
        43,
        64
      ],
      [
        9,
        19
      ],
      [
        8,
        19
      ],
      [
        8,
        9
      ],
      [
        32,
        62
      ],
      [
        49,
        62
      ],
      [
        32,
        49
      ],
      [
        35,
        80
      ],
      [
        51,
        80
      ],
      [
        35,
        51
      ],
      [
        33,
        87
      ],
      [
        55,
        87
      ],
      [
        33,
        55
      ],
      [
        54,
        79
      ],
      [
        79,
        99
      ],
      [
        54,
        99
      ],
      [
        55,
        74
      ],
      [
        33,
        74
      ],
      [
        23,
        86
      ],
      [
        86,
        95
      ],
      [
        23,
        95
      ],
      [
        15,
        31
      ],
      [
        25,
        31
      ],
      [
        15,
        25
      ],
      [
        57,
        72
      ],
      [
        72,
        73
      ],
      [
        57,
        73
      ],
      [
        72,
        83
      ],
      [
        83,
        84
      ],
      [
        72,
        84
      ],
      [
        12,
        60
      ],
      [
        45,
        60
      ],
      [
        12,
        45
      ],
      [
        10,
        95
      ],
      [
        10,
        13
      ],
      [
        13,
        95
      ],
      [
        64,
        75
      ],
      [
        59,
        75
      ],
      [
        59,
        64
      ],
      [
        14,
        37
      ],
      [
        14,
        82
      ],
      [
        37,
        82
      ],
      [
        7,
        18
      ],
      [
        18,
        70
      ],
      [
        7,
        70
      ],
      [
        36,
        80
      ],
      [
        36,
        53
      ],
      [
        53,
        80
      ],
      [
        60,
        85
      ],
      [
        69,
        85
      ],
      [
        60,
        69
      ],
      [
        35,
        49
      ],
      [
        49,
        80
      ],
      [
        7,
        25
      ],
      [
        7,
        15
      ],
      [
        56,
        61
      ],
      [
        21,
        61
      ],
      [
        21,
        56
      ],
      [
        3,
        31
      ],
      [
        3,
        25
      ],
      [
        56,
        86
      ],
      [
        56,
        95
      ],
      [
        51,
        72
      ],
      [
        51,
        57
      ],
      [
        50,
        74
      ],
      [
        50,
        90
      ],
      [
        74,
        90
      ],
      [
        40,
        76
      ],
      [
        39,
        40
      ],
      [
        39,
        76
      ],
      [
        21,
        67
      ],
      [
        21,
        24
      ],
      [
        24,
        67
      ],
      [
        74,
        87
      ],
      [
        15,
        48
      ],
      [
        1,
        48
      ],
      [
        1,
        15
      ],
      [
        51,
        53
      ],
      [
        53,
        66
      ],
      [
        51,
        66
      ],
      [
        57,
        69
      ],
      [
        51,
        69
      ],
      [
        18,
        51
      ],
      [
        18,
        25
      ],
      [
        25,
        51
      ],
      [
        19,
        27
      ],
      [
        8,
        27
      ],
      [
        13,
        37
      ],
      [
        10,
        37
      ],
      [
        46,
        58
      ],
      [
        5,
        46
      ],
      [
        5,
        58
      ],
      [
        22,
        37
      ],
      [
        14,
        22
      ],
      [
        8,
        62
      ],
      [
        8,
        49
      ],
      [
        0,
        66
      ],
      [
        0,
        51
      ],
      [
        62,
        74
      ],
      [
        8,
        74
      ],
      [
        42,
        48
      ],
      [
        0,
        48
      ],
      [
        0,
        42
      ],
      [
        49,
        85
      ],
      [
        32,
        85
      ],
      [
        17,
        87
      ],
      [
        87,
        97
      ],
      [
        17,
        97
      ],
      [
        15,
        28
      ],
      [
        28,
        71
      ],
      [
        15,
        71
      ],
      [
        6,
        60
      ],
      [
        6,
        41
      ],
      [
        41,
        60
      ],
      [
        36,
        49
      ],
      [
        17,
        47
      ],
      [
        17,
        78
      ],
      [
        47,
        78
      ],
      [
        0,
        63
      ],
      [
        63,
        66
      ],
      [
        35,
        85
      ],
      [
        19,
        38
      ],
      [
        19,
        92
      ],
      [
        38,
        92
      ],
      [
        5,
        30
      ],
      [
        27,
        30
      ],
      [
        5,
        27
      ],
      [
        17,
        38
      ],
      [
        38,
        87
      ],
      [
        29,
        30
      ],
      [
        27,
        29
      ],
      [
        44,
        54
      ],
      [
        42,
        44
      ],
      [
        42,
        54
      ],
      [
        11,
        20
      ],
      [
        4,
        11
      ],
      [
        4,
        20
      ],
      [
        20,
        88
      ],
      [
        28,
        88
      ],
      [
        20,
        28
      ],
      [
        77,
        99
      ],
      [
        22,
        99
      ],
      [
        22,
        77
      ],
      [
        43,
        47
      ],
      [
        47,
        82
      ],
      [
        43,
        82
      ],
      [
        87,
        92
      ],
      [
        19,
        58
      ],
      [
        27,
        58
      ],
      [
        38,
        43
      ],
      [
        19,
        43
      ],
      [
        62,
        94
      ],
      [
        74,
        94
      ],
      [
        10,
        16
      ],
      [
        16,
        37
      ],
      [
        0,
        7
      ],
      [
        0,
        70
      ],
      [
        24,
        98
      ],
      [
        34,
        98
      ],
      [
        24,
        34
      ],
      [
        29,
        66
      ],
      [
        30,
        66
      ],
      [
        8,
        53
      ],
      [
        49,
        53
      ],
      [
        10,
        76
      ],
      [
        16,
        76
      ],
      [
        32,
        96
      ],
      [
        62,
        96
      ],
      [
        26,
        71
      ],
      [
        16,
        71
      ],
      [
        16,
        26
      ],
      [
        2,
        74
      ],
      [
        12,
        32
      ],
      [
        32,
        60
      ],
      [
        4,
        77
      ],
      [
        4,
        54
      ],
      [
        54,
        77
      ],
      [
        16,
        91
      ],
      [
        26,
        91
      ],
      [
        51,
        70
      ],
      [
        2,
        90
      ],
      [
        9,
        65
      ],
      [
        9,
        74
      ],
      [
        76,
        91
      ],
      [
        73,
        84
      ],
      [
        61,
        72
      ],
      [
        51,
        61
      ],
      [
        39,
        91
      ],
      [
        3,
        51
      ],
      [
        1,
        44
      ],
      [
        43,
        58
      ],
      [
        68,
        78
      ],
      [
        56,
        67
      ],
      [
        39,
        67
      ],
      [
        3,
        24
      ],
      [
        24,
        31
      ],
      [
        0,
        15
      ],
      [
        14,
        79
      ],
      [
        64,
        79
      ],
      [
        45,
        52
      ],
      [
        52,
        74
      ],
      [
        50,
        52
      ],
      [
        43,
        46
      ],
      [
        41,
        84
      ],
      [
        24,
        61
      ],
      [
        61,
        93
      ],
      [
        34,
        39
      ],
      [
        22,
        79
      ],
      [
        45,
        50
      ],
      [
        30,
        63
      ],
      [
        38,
        47
      ],
      [
        6,
        73
      ],
      [
        41,
        73
      ],
      [
        69,
        89
      ],
      [
        35,
        69
      ],
      [
        35,
        89
      ],
      [
        15,
        26
      ],
      [
        26,
        39
      ],
      [
        15,
        39
      ],
      [
        22,
        71
      ],
      [
        71,
        88
      ],
      [
        22,
        88
      ],
      [
        76,
        81
      ],
      [
        40,
        81
      ],
      [
        40,
        95
      ],
      [
        39,
        95
      ],
      [
        69,
        73
      ],
      [
        60,
        73
      ],
      [
        1,
        28
      ],
      [
        10,
        81
      ],
      [
        81,
        95
      ],
      [
        14,
        59
      ],
      [
        14,
        64
      ],
      [
        65,
        87
      ],
      [
        65,
        74
      ],
      [
        12,
        94
      ],
      [
        32,
        94
      ],
      [
        11,
        44
      ],
      [
        4,
        44
      ],
      [
        45,
        74
      ],
      [
        12,
        74
      ],
      [
        39,
        56
      ],
      [
        1,
        11
      ],
      [
        11,
        28
      ],
      [
        8,
        66
      ],
      [
        94,
        96
      ],
      [
        20,
        77
      ],
      [
        77,
        88
      ],
      [
        75,
        82
      ],
      [
        43,
        75
      ],
      [
        34,
        67
      ],
      [
        24,
        93
      ],
      [
        51,
        93
      ],
      [
        24,
        51
      ],
      [
        14,
        75
      ],
      [
        41,
        45
      ],
      [
        39,
        98
      ],
      [
        31,
        98
      ],
      [
        31,
        39
      ],
      [
        78,
        82
      ],
      [
        30,
        42
      ],
      [
        42,
        63
      ],
      [
        51,
        89
      ],
      [
        68,
        97
      ],
      [
        78,
        97
      ],
      [
        37,
        68
      ],
      [
        8,
        29
      ],
      [
        44,
        48
      ],
      [
        13,
        23
      ],
      [
        23,
        37
      ],
      [
        37,
        86
      ],
      [
        68,
        82
      ],
      [
        30,
        46
      ],
      [
        42,
        64
      ],
      [
        30,
        64
      ],
      [
        46,
        64
      ],
      [
        41,
        90
      ],
      [
        45,
        90
      ],
      [
        65,
        92
      ],
      [
        19,
        65
      ],
      [
        37,
        71
      ]
    ],
    [
      [
        16,
        40
      ],
      [
        53,
        85
      ],
      [
        32,
        85
      ],
      [
        32,
        53
      ],
      [
        24,
        93
      ],
      [
        21,
        24
      ],
      [
        21,
        93
      ],
      [
        6,
        60
      ],
      [
        6,
        45
      ],
      [
        45,
        60
      ],
      [
        33,
        87
      ],
      [
        55,
        87
      ],
      [
        33,
        55
      ],
      [
        13,
        37
      ],
      [
        13,
        16
      ],
      [
        16,
        37
      ],
      [
        5,
        30
      ],
      [
        5,
        64
      ],
      [
        30,
        64
      ],
      [
        55,
        65
      ],
      [
        33,
        65
      ],
      [
        9,
        65
      ],
      [
        9,
        55
      ],
      [
        19,
        58
      ],
      [
        58,
        64
      ],
      [
        19,
        64
      ],
      [
        72,
        83
      ],
      [
        83,
        84
      ],
      [
        72,
        84
      ],
      [
        12,
        60
      ],
      [
        12,
        45
      ],
      [
        47,
        78
      ],
      [
        37,
        78
      ],
      [
        37,
        47
      ],
      [
        4,
        79
      ],
      [
        77,
        79
      ],
      [
        4,
        77
      ],
      [
        71,
        99
      ],
      [
        22,
        99
      ],
      [
        22,
        71
      ],
      [
        43,
        75
      ],
      [
        43,
        92
      ],
      [
        75,
        92
      ],
      [
        16,
        91
      ],
      [
        31,
        91
      ],
      [
        16,
        31
      ],
      [
        5,
        87
      ],
      [
        5,
        66
      ],
      [
        66,
        87
      ],
      [
        36,
        85
      ],
      [
        36,
        80
      ],
      [
        80,
        85
      ],
      [
        51,
        70
      ],
      [
        51,
        66
      ],
      [
        66,
        70
      ],
      [
        48,
        88
      ],
      [
        0,
        48
      ],
      [
        0,
        88
      ],
      [
        25,
        31
      ],
      [
        3,
        31
      ],
      [
        3,
        25
      ],
      [
        56,
        86
      ],
      [
        56,
        95
      ],
      [
        86,
        95
      ],
      [
        0,
        63
      ],
      [
        1,
        63
      ],
      [
        0,
        1
      ],
      [
        59,
        75
      ],
      [
        43,
        59
      ],
      [
        7,
        15
      ],
      [
        15,
        26
      ],
      [
        7,
        26
      ],
      [
        75,
        82
      ],
      [
        59,
        82
      ],
      [
        37,
        68
      ],
      [
        68,
        78
      ],
      [
        88,
        99
      ],
      [
        1,
        88
      ],
      [
        1,
        99
      ],
      [
        49,
        85
      ],
      [
        49,
        57
      ],
      [
        57,
        85
      ],
      [
        29,
        66
      ],
      [
        27,
        29
      ],
      [
        27,
        66
      ],
      [
        65,
        74
      ],
      [
        8,
        65
      ],
      [
        8,
        74
      ],
      [
        38,
        92
      ],
      [
        38,
        78
      ],
      [
        78,
        92
      ],
      [
        60,
        85
      ],
      [
        60,
        74
      ],
      [
        74,
        85
      ],
      [
        57,
        89
      ],
      [
        51,
        89
      ],
      [
        51,
        57
      ],
      [
        42,
        64
      ],
      [
        30,
        42
      ],
      [
        42,
        58
      ],
      [
        33,
        74
      ],
      [
        8,
        80
      ],
      [
        65,
        80
      ],
      [
        8,
        94
      ],
      [
        74,
        94
      ],
      [
        27,
        87
      ],
      [
        11,
        20
      ],
      [
        20,
        77
      ],
      [
        11,
        77
      ],
      [
        17,
        87
      ],
      [
        87,
        97
      ],
      [
        17,
        97
      ],
      [
        23,
        81
      ],
      [
        34,
        81
      ],
      [
        23,
        34
      ],
      [
        17,
        78
      ],
      [
        17,
        68
      ],
      [
        85,
        94
      ],
      [
        73,
        84
      ],
      [
        84,
        90
      ],
      [
        73,
        90
      ],
      [
        40,
        98
      ],
      [
        23,
        40
      ],
      [
        23,
        98
      ],
      [
        17,
        38
      ],
      [
        59,
        79
      ],
      [
        79,
        82
      ],
      [
        54,
        58
      ],
      [
        42,
        54
      ],
      [
        2,
        90
      ],
      [
        2,
        50
      ],
      [
        50,
        90
      ],
      [
        14,
        99
      ],
      [
        14,
        22
      ],
      [
        44,
        54
      ],
      [
        42,
        44
      ],
      [
        4,
        11
      ],
      [
        4,
        20
      ],
      [
        79,
        99
      ],
      [
        14,
        79
      ],
      [
        46,
        92
      ],
      [
        5,
        46
      ],
      [
        5,
        92
      ],
      [
        46,
        64
      ],
      [
        22,
        37
      ],
      [
        22,
        47
      ],
      [
        8,
        62
      ],
      [
        62,
        94
      ],
      [
        7,
        51
      ],
      [
        15,
        51
      ],
      [
        32,
        94
      ],
      [
        9,
        27
      ],
      [
        27,
        55
      ],
      [
        29,
        80
      ],
      [
        29,
        65
      ],
      [
        50,
        74
      ],
      [
        2,
        74
      ],
      [
        94,
        96
      ],
      [
        32,
        96
      ],
      [
        3,
        93
      ],
      [
        51,
        93
      ],
      [
        3,
        51
      ],
      [
        87,
        92
      ],
      [
        38,
        87
      ],
      [
        9,
        29
      ],
      [
        6,
        90
      ],
      [
        45,
        90
      ],
      [
        41,
        90
      ],
      [
        18,
        25
      ],
      [
        18,
        31
      ],
      [
        49,
        80
      ],
      [
        49,
        89
      ],
      [
        49,
        51
      ],
      [
        51,
        80
      ],
      [
        25,
        51
      ],
      [
        6,
        85
      ],
      [
        53,
        96
      ],
      [
        62,
        96
      ],
      [
        53,
        62
      ],
      [
        19,
        46
      ],
      [
        72,
        73
      ],
      [
        61,
        72
      ],
      [
        51,
        72
      ],
      [
        51,
        61
      ],
      [
        35,
        85
      ],
      [
        35,
        69
      ],
      [
        69,
        85
      ],
      [
        6,
        73
      ],
      [
        82,
        92
      ],
      [
        14,
        82
      ],
      [
        0,
        30
      ],
      [
        0,
        5
      ],
      [
        19,
        92
      ],
      [
        53,
        80
      ],
      [
        8,
        53
      ],
      [
        57,
        69
      ],
      [
        35,
        57
      ],
      [
        12,
        74
      ],
      [
        76,
        91
      ],
      [
        16,
        76
      ],
      [
        24,
        98
      ],
      [
        34,
        98
      ],
      [
        24,
        34
      ],
      [
        29,
        51
      ],
      [
        22,
        82
      ],
      [
        45,
        74
      ],
      [
        15,
        88
      ],
      [
        15,
        99
      ],
      [
        57,
        72
      ],
      [
        69,
        72
      ],
      [
        13,
        23
      ],
      [
        13,
        40
      ],
      [
        36,
        53
      ],
      [
        15,
        48
      ],
      [
        0,
        15
      ],
      [
        15,
        28
      ],
      [
        26,
        28
      ],
      [
        4,
        54
      ],
      [
        4,
        58
      ],
      [
        19,
        43
      ],
      [
        18,
        22
      ],
      [
        22,
        31
      ],
      [
        41,
        84
      ],
      [
        3,
        24
      ],
      [
        11,
        54
      ],
      [
        69,
        73
      ],
      [
        30,
        63
      ],
      [
        34,
        61
      ],
      [
        61,
        81
      ],
      [
        18,
        26
      ],
      [
        18,
        51
      ],
      [
        26,
        51
      ],
      [
        10,
        95
      ],
      [
        10,
        23
      ],
      [
        23,
        95
      ],
      [
        42,
        63
      ],
      [
        73,
        85
      ],
      [
        39,
        91
      ],
      [
        31,
        39
      ],
      [
        56,
        67
      ],
      [
        56,
        61
      ],
      [
        61,
        67
      ],
      [
        68,
        97
      ],
      [
        67,
        95
      ],
      [
        58,
        79
      ],
      [
        1,
        44
      ],
      [
        1,
        42
      ],
      [
        23,
        86
      ],
      [
        31,
        98
      ],
      [
        3,
        98
      ],
      [
        47,
        92
      ],
      [
        39,
        76
      ],
      [
        26,
        71
      ],
      [
        22,
        26
      ],
      [
        28,
        71
      ],
      [
        15,
        70
      ],
      [
        23,
        61
      ],
      [
        28,
        99
      ],
      [
        1,
        54
      ],
      [
        0,
        66
      ],
      [
        77,
        99
      ],
      [
        11,
        99
      ],
      [
        22,
        92
      ],
      [
        21,
        61
      ],
      [
        21,
        34
      ],
      [
        10,
        61
      ],
      [
        1,
        11
      ],
      [
        58,
        59
      ],
      [
        19,
        59
      ],
      [
        39,
        98
      ],
      [
        76,
        98
      ],
      [
        40,
        76
      ],
      [
        23,
        37
      ],
      [
        16,
        22
      ],
      [
        37,
        86
      ],
      [
        50,
        52
      ],
      [
        45,
        52
      ],
      [
        45,
        50
      ],
      [
        41,
        83
      ],
      [
        52,
        74
      ],
      [
        10,
        67
      ],
      [
        61,
        93
      ],
      [
        0,
        70
      ]
    ],
    [
      [
        41,
        83
      ],
      [
        6,
        52
      ],
      [
        6,
        90
      ],
      [
        52,
        90
      ],
      [
        51,
        61
      ],
      [
        51,
        93
      ],
      [
        61,
        93
      ],
      [
        62,
        74
      ],
      [
        62,
        96
      ],
      [
        74,
        96
      ],
      [
        5,
        70
      ],
      [
        5,
        64
      ],
      [
        64,
        70
      ],
      [
        45,
        52
      ],
      [
        35,
        45
      ],
      [
        35,
        52
      ],
      [
        54,
        64
      ],
      [
        42,
        54
      ],
      [
        42,
        64
      ],
      [
        73,
        84
      ],
      [
        57,
        73
      ],
      [
        57,
        84
      ],
      [
        32,
        94
      ],
      [
        32,
        60
      ],
      [
        60,
        94
      ],
      [
        33,
        87
      ],
      [
        13,
        37
      ],
      [
        37,
        86
      ],
      [
        13,
        86
      ],
      [
        87,
        97
      ],
      [
        79,
        99
      ],
      [
        14,
        79
      ],
      [
        14,
        99
      ],
      [
        52,
        94
      ],
      [
        12,
        94
      ],
      [
        12,
        52
      ],
      [
        31,
        91
      ],
      [
        25,
        31
      ],
      [
        25,
        91
      ],
      [
        55,
        87
      ],
      [
        33,
        55
      ],
      [
        12,
        60
      ],
      [
        52,
        60
      ],
      [
        77,
        88
      ],
      [
        77,
        99
      ],
      [
        88,
        99
      ],
      [
        16,
        26
      ],
      [
        15,
        26
      ],
      [
        15,
        16
      ],
      [
        10,
        95
      ],
      [
        67,
        95
      ],
      [
        10,
        67
      ],
      [
        72,
        83
      ],
      [
        83,
        84
      ],
      [
        72,
        84
      ],
      [
        8,
        29
      ],
      [
        29,
        51
      ],
      [
        8,
        51
      ],
      [
        42,
        44
      ],
      [
        1,
        44
      ],
      [
        1,
        42
      ],
      [
        30,
        42
      ],
      [
        30,
        64
      ],
      [
        34,
        98
      ],
      [
        34,
        61
      ],
      [
        61,
        98
      ],
      [
        7,
        18
      ],
      [
        18,
        70
      ],
      [
        7,
        70
      ],
      [
        57,
        69
      ],
      [
        6,
        69
      ],
      [
        6,
        57
      ],
      [
        34,
        81
      ],
      [
        61,
        81
      ],
      [
        49,
        72
      ],
      [
        49,
        89
      ],
      [
        72,
        89
      ],
      [
        51,
        70
      ],
      [
        51,
        66
      ],
      [
        66,
        70
      ],
      [
        30,
        63
      ],
      [
        42,
        63
      ],
      [
        3,
        31
      ],
      [
        3,
        25
      ],
      [
        56,
        86
      ],
      [
        56,
        95
      ],
      [
        86,
        95
      ],
      [
        50,
        52
      ],
      [
        50,
        90
      ],
      [
        0,
        63
      ],
      [
        1,
        63
      ],
      [
        0,
        1
      ],
      [
        40,
        76
      ],
      [
        39,
        40
      ],
      [
        39,
        76
      ],
      [
        8,
        27
      ],
      [
        27,
        29
      ],
      [
        37,
        82
      ],
      [
        37,
        99
      ],
      [
        82,
        99
      ],
      [
        28,
        48
      ],
      [
        0,
        48
      ],
      [
        0,
        28
      ],
      [
        20,
        77
      ],
      [
        20,
        43
      ],
      [
        43,
        77
      ],
      [
        32,
        49
      ],
      [
        35,
        57
      ],
      [
        17,
        92
      ],
      [
        38,
        92
      ],
      [
        87,
        92
      ],
      [
        17,
        87
      ],
      [
        22,
        37
      ],
      [
        15,
        37
      ],
      [
        4,
        20
      ],
      [
        4,
        64
      ],
      [
        23,
        91
      ],
      [
        37,
        78
      ],
      [
        19,
        38
      ],
      [
        19,
        92
      ],
      [
        2,
        50
      ],
      [
        19,
        58
      ],
      [
        19,
        46
      ],
      [
        2,
        74
      ],
      [
        19,
        87
      ],
      [
        5,
        51
      ],
      [
        5,
        66
      ],
      [
        41,
        90
      ],
      [
        2,
        90
      ],
      [
        6,
        41
      ],
      [
        49,
        57
      ],
      [
        28,
        71
      ],
      [
        6,
        83
      ],
      [
        59,
        82
      ],
      [
        59,
        75
      ],
      [
        6,
        35
      ],
      [
        16,
        91
      ],
      [
        9,
        65
      ],
      [
        61,
        72
      ],
      [
        36,
        49
      ],
      [
        36,
        89
      ],
      [
        22,
        99
      ],
      [
        22,
        88
      ],
      [
        17,
        97
      ],
      [
        17,
        68
      ],
      [
        44,
        54
      ],
      [
        4,
        54
      ],
      [
        49,
        53
      ],
      [
        36,
        53
      ],
      [
        53,
        94
      ],
      [
        49,
        94
      ],
      [
        23,
        40
      ],
      [
        53,
        74
      ],
      [
        9,
        46
      ],
      [
        46,
        64
      ],
      [
        53,
        96
      ],
      [
        80,
        96
      ],
      [
        1,
        11
      ],
      [
        46,
        55
      ],
      [
        46,
        87
      ],
      [
        8,
        62
      ],
      [
        46,
        58
      ],
      [
        21,
        61
      ],
      [
        21,
        93
      ],
      [
        35,
        85
      ],
      [
        15,
        28
      ],
      [
        9,
        55
      ],
      [
        1,
        20
      ],
      [
        1,
        77
      ],
      [
        68,
        78
      ],
      [
        47,
        78
      ],
      [
        47,
        68
      ],
      [
        3,
        7
      ],
      [
        21,
        24
      ],
      [
        43,
        59
      ],
      [
        59,
        77
      ],
      [
        21,
        98
      ],
      [
        11,
        20
      ],
      [
        23,
        76
      ],
      [
        16,
        23
      ],
      [
        56,
        67
      ],
      [
        56,
        61
      ],
      [
        10,
        86
      ],
      [
        76,
        91
      ],
      [
        31,
        76
      ],
      [
        0,
        70
      ],
      [
        48,
        70
      ],
      [
        30,
        70
      ],
      [
        0,
        30
      ],
      [
        24,
        98
      ],
      [
        24,
        93
      ],
      [
        93,
        98
      ],
      [
        57,
        72
      ],
      [
        43,
        75
      ],
      [
        37,
        43
      ],
      [
        37,
        75
      ],
      [
        62,
        64
      ],
      [
        9,
        62
      ],
      [
        9,
        64
      ],
      [
        1,
        88
      ],
      [
        0,
        88
      ],
      [
        18,
        51
      ],
      [
        3,
        18
      ],
      [
        3,
        51
      ],
      [
        69,
        73
      ],
      [
        73,
        83
      ],
      [
        69,
        83
      ],
      [
        10,
        23
      ],
      [
        10,
        81
      ],
      [
        23,
        81
      ],
      [
        61,
        67
      ],
      [
        10,
        61
      ],
      [
        3,
        93
      ],
      [
        3,
        76
      ],
      [
        76,
        93
      ],
      [
        14,
        82
      ],
      [
        8,
        96
      ],
      [
        51,
        96
      ],
      [
        53,
        80
      ],
      [
        80,
        89
      ],
      [
        53,
        89
      ],
      [
        11,
        44
      ],
      [
        4,
        44
      ],
      [
        4,
        11
      ],
      [
        55,
        65
      ],
      [
        33,
        65
      ],
      [
        39,
        93
      ],
      [
        40,
        93
      ],
      [
        5,
        27
      ],
      [
        5,
        29
      ],
      [
        15,
        71
      ],
      [
        22,
        71
      ],
      [
        15,
        22
      ],
      [
        81,
        98
      ],
      [
        13,
        16
      ],
      [
        16,
        37
      ],
      [
        40,
        98
      ],
      [
        27,
        64
      ],
      [
        77,
        79
      ],
      [
        75,
        82
      ],
      [
        57,
        85
      ],
      [
        32,
        85
      ],
      [
        32,
        57
      ],
      [
        58,
        64
      ],
      [
        20,
        58
      ],
      [
        20,
        64
      ],
      [
        72,
        80
      ],
      [
        15,
        48
      ],
      [
        7,
        15
      ],
      [
        7,
        48
      ],
      [
        8,
        64
      ],
      [
        14,
        59
      ],
      [
        59,
        79
      ],
      [
        68,
        97
      ],
      [
        37,
        68
      ],
      [
        65,
        74
      ],
      [
        33,
        74
      ],
      [
        45,
        60
      ],
      [
        60,
        85
      ],
      [
        45,
        85
      ],
      [
        50,
        74
      ],
      [
        52,
        74
      ],
      [
        62,
        65
      ],
      [
        71,
        88
      ],
      [
        0,
        71
      ],
      [
        40,
        81
      ],
      [
        74,
        94
      ],
      [
        43,
        47
      ],
      [
        37,
        47
      ],
      [
        23,
        86
      ],
      [
        13,
        23
      ],
      [
        43,
        58
      ],
      [
        47,
        58
      ],
      [
        17,
        38
      ],
      [
        17,
        47
      ],
      [
        38,
        47
      ],
      [
        38,
        58
      ],
      [
        51,
        80
      ],
      [
        51,
        72
      ],
      [
        15,
        25
      ],
      [
        25,
        26
      ],
      [
        7,
        25
      ],
      [
        26,
        91
      ]
    ],
    [
      [
        80,
        89
      ],
      [
        66,
        80
      ],
      [
        61,
        93
      ],
      [
        9,
        87
      ],
      [
        9,
        92
      ],
      [
        13,
        16
      ],
      [
        41,
        45
      ],
      [
        59,
        64
      ],
      [
        9,
        38
      ],
      [
        52,
        94
      ],
      [
        12,
        94
      ],
      [
        12,
        52
      ],
      [
        9,
        65
      ],
      [
        9,
        29
      ],
      [
        29,
        65
      ],
      [
        57,
        89
      ],
      [
        35,
        57
      ],
      [
        35,
        89
      ],
      [
        33,
        87
      ],
      [
        55,
        87
      ],
      [
        33,
        55
      ],
      [
        15,
        48
      ],
      [
        15,
        70
      ],
      [
        48,
        70
      ],
      [
        24,
        93
      ],
      [
        24,
        56
      ],
      [
        56,
        93
      ],
      [
        38,
        92
      ],
      [
        87,
        92
      ],
      [
        38,
        87
      ],
      [
        72,
        83
      ],
      [
        83,
        84
      ],
      [
        72,
        84
      ],
      [
        47,
        97
      ],
      [
        68,
        97
      ],
      [
        47,
        68
      ],
      [
        43,
        46
      ],
      [
        43,
        75
      ],
      [
        46,
        75
      ],
      [
        5,
        27
      ],
      [
        27,
        46
      ],
      [
        5,
        46
      ],
      [
        7,
        18
      ],
      [
        18,
        70
      ],
      [
        7,
        70
      ],
      [
        81,
        95
      ],
      [
        39,
        95
      ],
      [
        39,
        81
      ],
      [
        22,
        99
      ],
      [
        14,
        99
      ],
      [
        14,
        22
      ],
      [
        75,
        82
      ],
      [
        46,
        82
      ],
      [
        51,
        70
      ],
      [
        51,
        66
      ],
      [
        66,
        70
      ],
      [
        43,
        82
      ],
      [
        41,
        83
      ],
      [
        41,
        84
      ],
      [
        56,
        86
      ],
      [
        56,
        95
      ],
      [
        86,
        95
      ],
      [
        43,
        47
      ],
      [
        47,
        82
      ],
      [
        4,
        11
      ],
      [
        4,
        79
      ],
      [
        11,
        79
      ],
      [
        9,
        19
      ],
      [
        19,
        27
      ],
      [
        9,
        27
      ],
      [
        15,
        28
      ],
      [
        28,
        91
      ],
      [
        15,
        91
      ],
      [
        8,
        29
      ],
      [
        29,
        66
      ],
      [
        8,
        66
      ],
      [
        0,
        63
      ],
      [
        0,
        70
      ],
      [
        63,
        70
      ],
      [
        38,
        46
      ],
      [
        46,
        58
      ],
      [
        38,
        58
      ],
      [
        17,
        47
      ],
      [
        46,
        47
      ],
      [
        17,
        46
      ],
      [
        19,
        58
      ],
      [
        27,
        58
      ],
      [
        8,
        53
      ],
      [
        36,
        53
      ],
      [
        8,
        36
      ],
      [
        32,
        96
      ],
      [
        17,
        87
      ],
      [
        17,
        38
      ],
      [
        0,
        48
      ],
      [
        31,
        40
      ],
      [
        68,
        78
      ],
      [
        47,
        78
      ],
      [
        39,
        40
      ],
      [
        31,
        39
      ],
      [
        32,
        36
      ],
      [
        1,
        28
      ],
      [
        87,
        97
      ],
      [
        17,
        97
      ],
      [
        53,
        80
      ],
      [
        8,
        80
      ],
      [
        10,
        40
      ],
      [
        10,
        39
      ],
      [
        15,
        26
      ],
      [
        35,
        85
      ],
      [
        49,
        85
      ],
      [
        40,
        76
      ],
      [
        66,
        89
      ],
      [
        5,
        64
      ],
      [
        42,
        64
      ],
      [
        20,
        99
      ],
      [
        42,
        54
      ],
      [
        40,
        86
      ],
      [
        54,
        64
      ],
      [
        4,
        64
      ],
      [
        13,
        22
      ],
      [
        13,
        28
      ],
      [
        63,
        66
      ],
      [
        45,
        60
      ],
      [
        45,
        85
      ],
      [
        46,
        59
      ],
      [
        46,
        64
      ],
      [
        19,
        38
      ],
      [
        0,
        44
      ],
      [
        50,
        94
      ],
      [
        2,
        50
      ],
      [
        2,
        74
      ],
      [
        3,
        25
      ],
      [
        18,
        25
      ],
      [
        12,
        32
      ],
      [
        32,
        52
      ],
      [
        55,
        94
      ],
      [
        33,
        94
      ],
      [
        10,
        81
      ],
      [
        16,
        40
      ],
      [
        16,
        86
      ],
      [
        27,
        29
      ],
      [
        5,
        42
      ],
      [
        42,
        44
      ],
      [
        5,
        44
      ],
      [
        41,
        90
      ],
      [
        2,
        90
      ],
      [
        27,
        44
      ],
      [
        14,
        82
      ],
      [
        14,
        46
      ],
      [
        69,
        72
      ],
      [
        35,
        69
      ],
      [
        35,
        72
      ],
      [
        39,
        98
      ],
      [
        24,
        98
      ],
      [
        24,
        39
      ],
      [
        32,
        85
      ],
      [
        60,
        85
      ],
      [
        32,
        60
      ],
      [
        4,
        54
      ],
      [
        11,
        54
      ],
      [
        8,
        62
      ],
      [
        8,
        32
      ],
      [
        32,
        62
      ],
      [
        65,
        94
      ],
      [
        32,
        65
      ],
      [
        32,
        94
      ],
      [
        18,
        51
      ],
      [
        3,
        18
      ],
      [
        3,
        51
      ],
      [
        73,
        84
      ],
      [
        72,
        73
      ],
      [
        61,
        72
      ],
      [
        51,
        72
      ],
      [
        51,
        61
      ],
      [
        1,
        44
      ],
      [
        1,
        48
      ],
      [
        44,
        48
      ],
      [
        22,
        37
      ],
      [
        14,
        37
      ],
      [
        50,
        74
      ],
      [
        33,
        74
      ],
      [
        33,
        50
      ],
      [
        7,
        15
      ],
      [
        14,
        78
      ],
      [
        37,
        78
      ],
      [
        20,
        28
      ],
      [
        20,
        77
      ],
      [
        28,
        77
      ],
      [
        50,
        52
      ],
      [
        45,
        52
      ],
      [
        45,
        50
      ],
      [
        28,
        71
      ],
      [
        22,
        71
      ],
      [
        22,
        28
      ],
      [
        76,
        91
      ],
      [
        16,
        91
      ],
      [
        16,
        76
      ],
      [
        3,
        93
      ],
      [
        51,
        93
      ],
      [
        62,
        96
      ],
      [
        65,
        96
      ],
      [
        62,
        65
      ],
      [
        6,
        84
      ],
      [
        6,
        73
      ],
      [
        14,
        59
      ],
      [
        14,
        79
      ],
      [
        59,
        79
      ],
      [
        44,
        63
      ],
      [
        30,
        63
      ],
      [
        30,
        44
      ],
      [
        35,
        49
      ],
      [
        49,
        89
      ],
      [
        79,
        99
      ],
      [
        29,
        62
      ],
      [
        65,
        87
      ],
      [
        87,
        94
      ],
      [
        26,
        76
      ],
      [
        26,
        91
      ],
      [
        1,
        11
      ],
      [
        11,
        20
      ],
      [
        1,
        20
      ],
      [
        28,
        48
      ],
      [
        27,
        30
      ],
      [
        30,
        66
      ],
      [
        27,
        66
      ],
      [
        69,
        73
      ],
      [
        41,
        50
      ],
      [
        50,
        90
      ],
      [
        1,
        54
      ],
      [
        72,
        89
      ],
      [
        51,
        89
      ],
      [
        44,
        54
      ],
      [
        3,
        24
      ],
      [
        7,
        31
      ],
      [
        18,
        31
      ],
      [
        6,
        41
      ],
      [
        57,
        72
      ],
      [
        16,
        28
      ],
      [
        3,
        39
      ],
      [
        7,
        26
      ],
      [
        26,
        40
      ],
      [
        7,
        40
      ],
      [
        34,
        95
      ],
      [
        34,
        39
      ],
      [
        71,
        88
      ],
      [
        22,
        88
      ],
      [
        34,
        98
      ],
      [
        77,
        88
      ],
      [
        77,
        99
      ],
      [
        88,
        99
      ],
      [
        56,
        61
      ],
      [
        67,
        95
      ],
      [
        34,
        67
      ],
      [
        56,
        67
      ],
      [
        10,
        95
      ],
      [
        10,
        86
      ],
      [
        21,
        67
      ],
      [
        21,
        34
      ],
      [
        21,
        56
      ],
      [
        37,
        68
      ],
      [
        64,
        79
      ],
      [
        6,
        35
      ],
      [
        6,
        69
      ],
      [
        13,
        23
      ],
      [
        16,
        23
      ],
      [
        6,
        45
      ],
      [
        28,
        88
      ],
      [
        35,
        45
      ],
      [
        24,
        34
      ],
      [
        20,
        79
      ],
      [
        21,
        24
      ],
      [
        25,
        39
      ],
      [
        78,
        82
      ],
      [
        36,
        89
      ],
      [
        53,
        89
      ],
      [
        32,
        49
      ],
      [
        32,
        89
      ],
      [
        13,
        37
      ],
      [
        23,
        37
      ],
      [
        23,
        86
      ],
      [
        37,
        86
      ],
      [
        52,
        60
      ],
      [
        25,
        31
      ]
    ],
    [
      [
        54,
        79
      ],
      [
        79,
        99
      ],
      [
        54,
        99
      ],
      [
        45,
        60
      ],
      [
        45,
        52
      ],
      [
        52,
        60
      ],
      [
        10,
        95
      ],
      [
        10,
        23
      ],
      [
        23,
        95
      ],
      [
        33,
        87
      ],
      [
        55,
        87
      ],
      [
        33,
        55
      ],
      [
        39,
        91
      ],
      [
        31,
        39
      ],
      [
        31,
        91
      ],
      [
        67,
        95
      ],
      [
        16,
        67
      ],
      [
        16,
        95
      ],
      [
        25,
        31
      ],
      [
        25,
        70
      ],
      [
        31,
        70
      ],
      [
        42,
        77
      ],
      [
        42,
        54
      ],
      [
        54,
        77
      ],
      [
        57,
        72
      ],
      [
        72,
        73
      ],
      [
        57,
        73
      ],
      [
        19,
        92
      ],
      [
        19,
        58
      ],
      [
        58,
        92
      ],
      [
        36,
        85
      ],
      [
        60,
        85
      ],
      [
        36,
        60
      ],
      [
        18,
        25
      ],
      [
        18,
        70
      ],
      [
        9,
        29
      ],
      [
        9,
        55
      ],
      [
        29,
        55
      ],
      [
        26,
        31
      ],
      [
        26,
        70
      ],
      [
        22,
        99
      ],
      [
        14,
        99
      ],
      [
        14,
        22
      ],
      [
        62,
        96
      ],
      [
        8,
        62
      ],
      [
        8,
        96
      ],
      [
        49,
        72
      ],
      [
        49,
        89
      ],
      [
        72,
        89
      ],
      [
        51,
        70
      ],
      [
        51,
        66
      ],
      [
        66,
        70
      ],
      [
        51,
        80
      ],
      [
        8,
        80
      ],
      [
        8,
        51
      ],
      [
        29,
        66
      ],
      [
        27,
        29
      ],
      [
        27,
        66
      ],
      [
        56,
        86
      ],
      [
        56,
        95
      ],
      [
        86,
        95
      ],
      [
        28,
        88
      ],
      [
        88,
        99
      ],
      [
        28,
        99
      ],
      [
        3,
        25
      ],
      [
        3,
        18
      ],
      [
        40,
        76
      ],
      [
        39,
        40
      ],
      [
        39,
        76
      ],
      [
        54,
        64
      ],
      [
        64,
        79
      ],
      [
        19,
        43
      ],
      [
        43,
        75
      ],
      [
        19,
        75
      ],
      [
        0,
        48
      ],
      [
        0,
        63
      ],
      [
        48,
        63
      ],
      [
        3,
        93
      ],
      [
        25,
        93
      ],
      [
        31,
        93
      ],
      [
        36,
        49
      ],
      [
        35,
        49
      ],
      [
        35,
        36
      ],
      [
        32,
        60
      ],
      [
        32,
        53
      ],
      [
        53,
        60
      ],
      [
        17,
        87
      ],
      [
        37,
        87
      ],
      [
        17,
        37
      ],
      [
        30,
        66
      ],
      [
        30,
        70
      ],
      [
        65,
        74
      ],
      [
        65,
        94
      ],
      [
        74,
        94
      ],
      [
        94,
        96
      ],
      [
        32,
        96
      ],
      [
        32,
        94
      ],
      [
        16,
        81
      ],
      [
        81,
        95
      ],
      [
        35,
        45
      ],
      [
        35,
        60
      ],
      [
        33,
        74
      ],
      [
        87,
        97
      ],
      [
        68,
        97
      ],
      [
        68,
        87
      ],
      [
        37,
        78
      ],
      [
        17,
        78
      ],
      [
        56,
        61
      ],
      [
        61,
        95
      ],
      [
        1,
        30
      ],
      [
        30,
        42
      ],
      [
        1,
        42
      ],
      [
        41,
        84
      ],
      [
        41,
        90
      ],
      [
        84,
        90
      ],
      [
        59,
        75
      ],
      [
        19,
        59
      ],
      [
        12,
        52
      ],
      [
        12,
        60
      ],
      [
        58,
        59
      ],
      [
        17,
        47
      ],
      [
        47,
        78
      ],
      [
        69,
        84
      ],
      [
        45,
        84
      ],
      [
        45,
        69
      ],
      [
        72,
        83
      ],
      [
        41,
        83
      ],
      [
        41,
        72
      ],
      [
        50,
        52
      ],
      [
        50,
        74
      ],
      [
        52,
        74
      ],
      [
        24,
        93
      ],
      [
        21,
        24
      ],
      [
        21,
        93
      ],
      [
        38,
        92
      ],
      [
        87,
        92
      ],
      [
        38,
        87
      ],
      [
        46,
        79
      ],
      [
        46,
        58
      ],
      [
        58,
        79
      ],
      [
        42,
        44
      ],
      [
        1,
        44
      ],
      [
        11,
        20
      ],
      [
        4,
        11
      ],
      [
        4,
        20
      ],
      [
        75,
        82
      ],
      [
        14,
        82
      ],
      [
        14,
        75
      ],
      [
        43,
        92
      ],
      [
        46,
        87
      ],
      [
        58,
        87
      ],
      [
        12,
        74
      ],
      [
        65,
        96
      ],
      [
        62,
        65
      ],
      [
        36,
        80
      ],
      [
        36,
        53
      ],
      [
        53,
        80
      ],
      [
        5,
        27
      ],
      [
        5,
        66
      ],
      [
        1,
        63
      ],
      [
        30,
        63
      ],
      [
        2,
        50
      ],
      [
        2,
        74
      ],
      [
        16,
        91
      ],
      [
        26,
        91
      ],
      [
        16,
        26
      ],
      [
        13,
        37
      ],
      [
        13,
        15
      ],
      [
        15,
        37
      ],
      [
        24,
        98
      ],
      [
        34,
        98
      ],
      [
        24,
        34
      ],
      [
        93,
        98
      ],
      [
        6,
        84
      ],
      [
        2,
        6
      ],
      [
        2,
        84
      ],
      [
        12,
        32
      ],
      [
        76,
        91
      ],
      [
        61,
        67
      ],
      [
        2,
        90
      ],
      [
        1,
        11
      ],
      [
        1,
        20
      ],
      [
        49,
        57
      ],
      [
        8,
        66
      ],
      [
        8,
        65
      ],
      [
        65,
        66
      ],
      [
        27,
        55
      ],
      [
        34,
        40
      ],
      [
        40,
        98
      ],
      [
        23,
        86
      ],
      [
        39,
        98
      ],
      [
        39,
        93
      ],
      [
        5,
        46
      ],
      [
        5,
        87
      ],
      [
        69,
        73
      ],
      [
        57,
        69
      ],
      [
        72,
        84
      ],
      [
        73,
        84
      ],
      [
        61,
        72
      ],
      [
        51,
        72
      ],
      [
        51,
        61
      ],
      [
        36,
        89
      ],
      [
        51,
        89
      ],
      [
        80,
        89
      ],
      [
        4,
        44
      ],
      [
        1,
        4
      ],
      [
        15,
        71
      ],
      [
        22,
        71
      ],
      [
        15,
        22
      ],
      [
        77,
        99
      ],
      [
        38,
        43
      ],
      [
        35,
        69
      ],
      [
        35,
        57
      ],
      [
        14,
        59
      ],
      [
        14,
        79
      ],
      [
        59,
        79
      ],
      [
        33,
        65
      ],
      [
        22,
        37
      ],
      [
        71,
        99
      ],
      [
        28,
        71
      ],
      [
        17,
        38
      ],
      [
        21,
        34
      ],
      [
        28,
        48
      ],
      [
        15,
        28
      ],
      [
        15,
        48
      ],
      [
        0,
        15
      ],
      [
        5,
        55
      ],
      [
        18,
        93
      ],
      [
        14,
        37
      ],
      [
        14,
        78
      ],
      [
        4,
        77
      ],
      [
        4,
        42
      ],
      [
        9,
        65
      ],
      [
        55,
        65
      ],
      [
        0,
        30
      ],
      [
        12,
        94
      ],
      [
        7,
        70
      ],
      [
        7,
        26
      ],
      [
        6,
        90
      ],
      [
        48,
        88
      ],
      [
        10,
        16
      ],
      [
        13,
        16
      ],
      [
        10,
        13
      ],
      [
        13,
        23
      ],
      [
        17,
        75
      ],
      [
        38,
        75
      ],
      [
        48,
        99
      ],
      [
        21,
        67
      ],
      [
        21,
        61
      ],
      [
        2,
        45
      ],
      [
        48,
        77
      ],
      [
        34,
        67
      ],
      [
        7,
        15
      ],
      [
        7,
        30
      ],
      [
        15,
        30
      ],
      [
        20,
        77
      ],
      [
        10,
        81
      ],
      [
        1,
        48
      ],
      [
        5,
        30
      ],
      [
        7,
        16
      ],
      [
        8,
        53
      ],
      [
        46,
        64
      ],
      [
        16,
        40
      ],
      [
        16,
        34
      ],
      [
        53,
        96
      ],
      [
        37,
        68
      ],
      [
        13,
        86
      ],
      [
        1,
        77
      ],
      [
        78,
        82
      ],
      [
        7,
        13
      ],
      [
        47,
        75
      ],
      [
        47,
        82
      ],
      [
        16,
        76
      ],
      [
        37,
        86
      ],
      [
        35,
        85
      ],
      [
        51,
        93
      ],
      [
        70,
        93
      ],
      [
        30,
        46
      ],
      [
        42,
        64
      ],
      [
        30,
        64
      ],
      [
        29,
        65
      ],
      [
        45,
        50
      ],
      [
        61,
        93
      ]
    ],
    [
      [
        41,
        83
      ],
      [
        23,
        86
      ],
      [
        86,
        95
      ],
      [
        23,
        95
      ],
      [
        51,
        61
      ],
      [
        51,
        93
      ],
      [
        61,
        93
      ],
      [
        14,
        78
      ],
      [
        78,
        97
      ],
      [
        14,
        97
      ],
      [
        50,
        74
      ],
      [
        50,
        90
      ],
      [
        74,
        90
      ],
      [
        65,
        96
      ],
      [
        49,
        96
      ],
      [
        49,
        65
      ],
      [
        3,
        25
      ],
      [
        25,
        40
      ],
      [
        3,
        40
      ],
      [
        54,
        64
      ],
      [
        42,
        54
      ],
      [
        42,
        64
      ],
      [
        54,
        77
      ],
      [
        64,
        77
      ],
      [
        43,
        58
      ],
      [
        43,
        75
      ],
      [
        58,
        75
      ],
      [
        33,
        87
      ],
      [
        16,
        99
      ],
      [
        16,
        88
      ],
      [
        88,
        99
      ],
      [
        87,
        97
      ],
      [
        87,
        92
      ],
      [
        5,
        92
      ],
      [
        5,
        87
      ],
      [
        27,
        55
      ],
      [
        55,
        87
      ],
      [
        27,
        87
      ],
      [
        42,
        44
      ],
      [
        1,
        44
      ],
      [
        1,
        42
      ],
      [
        45,
        50
      ],
      [
        45,
        90
      ],
      [
        33,
        55
      ],
      [
        37,
        99
      ],
      [
        79,
        99
      ],
      [
        37,
        79
      ],
      [
        38,
        87
      ],
      [
        38,
        47
      ],
      [
        47,
        87
      ],
      [
        76,
        91
      ],
      [
        16,
        91
      ],
      [
        16,
        76
      ],
      [
        9,
        65
      ],
      [
        33,
        65
      ],
      [
        9,
        33
      ],
      [
        72,
        83
      ],
      [
        83,
        84
      ],
      [
        72,
        84
      ],
      [
        2,
        90
      ],
      [
        2,
        74
      ],
      [
        75,
        78
      ],
      [
        43,
        78
      ],
      [
        15,
        28
      ],
      [
        28,
        71
      ],
      [
        15,
        71
      ],
      [
        50,
        52
      ],
      [
        52,
        74
      ],
      [
        49,
        57
      ],
      [
        49,
        89
      ],
      [
        57,
        89
      ],
      [
        1,
        63
      ],
      [
        1,
        48
      ],
      [
        48,
        63
      ],
      [
        61,
        67
      ],
      [
        67,
        95
      ],
      [
        61,
        95
      ],
      [
        51,
        70
      ],
      [
        51,
        66
      ],
      [
        66,
        70
      ],
      [
        7,
        70
      ],
      [
        27,
        70
      ],
      [
        7,
        27
      ],
      [
        29,
        66
      ],
      [
        27,
        29
      ],
      [
        27,
        66
      ],
      [
        56,
        86
      ],
      [
        56,
        95
      ],
      [
        12,
        60
      ],
      [
        60,
        85
      ],
      [
        12,
        85
      ],
      [
        45,
        52
      ],
      [
        45,
        74
      ],
      [
        20,
        77
      ],
      [
        4,
        20
      ],
      [
        4,
        77
      ],
      [
        83,
        90
      ],
      [
        84,
        90
      ],
      [
        14,
        79
      ],
      [
        14,
        37
      ],
      [
        40,
        76
      ],
      [
        37,
        76
      ],
      [
        37,
        40
      ],
      [
        13,
        37
      ],
      [
        13,
        40
      ],
      [
        41,
        90
      ],
      [
        27,
        33
      ],
      [
        29,
        33
      ],
      [
        69,
        73
      ],
      [
        49,
        69
      ],
      [
        49,
        73
      ],
      [
        35,
        69
      ],
      [
        35,
        49
      ],
      [
        32,
        49
      ],
      [
        32,
        65
      ],
      [
        9,
        29
      ],
      [
        9,
        66
      ],
      [
        10,
        95
      ],
      [
        34,
        95
      ],
      [
        10,
        34
      ],
      [
        33,
        74
      ],
      [
        5,
        27
      ],
      [
        0,
        5
      ],
      [
        0,
        27
      ],
      [
        57,
        73
      ],
      [
        74,
        94
      ],
      [
        60,
        94
      ],
      [
        60,
        74
      ],
      [
        12,
        74
      ],
      [
        17,
        87
      ],
      [
        17,
        97
      ],
      [
        14,
        59
      ],
      [
        59,
        82
      ],
      [
        14,
        82
      ],
      [
        24,
        93
      ],
      [
        24,
        51
      ],
      [
        7,
        26
      ],
      [
        26,
        70
      ],
      [
        32,
        33
      ],
      [
        35,
        90
      ],
      [
        69,
        90
      ],
      [
        3,
        18
      ],
      [
        18,
        25
      ],
      [
        33,
        94
      ],
      [
        26,
        31
      ],
      [
        26,
        91
      ],
      [
        31,
        91
      ],
      [
        5,
        42
      ],
      [
        5,
        64
      ],
      [
        19,
        58
      ],
      [
        19,
        43
      ],
      [
        47,
        78
      ],
      [
        38,
        78
      ],
      [
        11,
        20
      ],
      [
        4,
        11
      ],
      [
        5,
        30
      ],
      [
        30,
        48
      ],
      [
        5,
        48
      ],
      [
        37,
        86
      ],
      [
        13,
        86
      ],
      [
        78,
        82
      ],
      [
        75,
        82
      ],
      [
        46,
        58
      ],
      [
        19,
        46
      ],
      [
        58,
        82
      ],
      [
        21,
        61
      ],
      [
        21,
        93
      ],
      [
        33,
        60
      ],
      [
        18,
        51
      ],
      [
        3,
        51
      ],
      [
        62,
        96
      ],
      [
        9,
        96
      ],
      [
        9,
        62
      ],
      [
        16,
        26
      ],
      [
        21,
        24
      ],
      [
        0,
        48
      ],
      [
        47,
        92
      ],
      [
        21,
        67
      ],
      [
        21,
        95
      ],
      [
        12,
        45
      ],
      [
        34,
        81
      ],
      [
        10,
        81
      ],
      [
        7,
        15
      ],
      [
        15,
        27
      ],
      [
        6,
        35
      ],
      [
        6,
        85
      ],
      [
        35,
        85
      ],
      [
        39,
        98
      ],
      [
        39,
        40
      ],
      [
        40,
        98
      ],
      [
        5,
        63
      ],
      [
        1,
        5
      ],
      [
        10,
        23
      ],
      [
        23,
        81
      ],
      [
        73,
        84
      ],
      [
        57,
        84
      ],
      [
        32,
        85
      ],
      [
        32,
        60
      ],
      [
        59,
        79
      ],
      [
        1,
        15
      ],
      [
        1,
        88
      ],
      [
        15,
        88
      ],
      [
        46,
        64
      ],
      [
        46,
        77
      ],
      [
        21,
        34
      ],
      [
        61,
        72
      ],
      [
        51,
        72
      ],
      [
        16,
        22
      ],
      [
        22,
        99
      ],
      [
        66,
        80
      ],
      [
        36,
        80
      ],
      [
        36,
        66
      ],
      [
        51,
        80
      ],
      [
        22,
        37
      ],
      [
        36,
        51
      ],
      [
        13,
        23
      ],
      [
        69,
        84
      ],
      [
        5,
        46
      ],
      [
        5,
        19
      ],
      [
        30,
        63
      ],
      [
        3,
        39
      ],
      [
        11,
        44
      ],
      [
        1,
        11
      ],
      [
        37,
        97
      ],
      [
        17,
        38
      ],
      [
        62,
        66
      ],
      [
        16,
        71
      ],
      [
        15,
        16
      ],
      [
        15,
        48
      ],
      [
        0,
        15
      ],
      [
        25,
        31
      ],
      [
        18,
        31
      ],
      [
        26,
        51
      ],
      [
        8,
        62
      ],
      [
        8,
        53
      ],
      [
        53,
        62
      ],
      [
        72,
        89
      ],
      [
        51,
        89
      ],
      [
        53,
        96
      ],
      [
        3,
        24
      ],
      [
        24,
        39
      ],
      [
        71,
        88
      ],
      [
        12,
        90
      ],
      [
        18,
        26
      ],
      [
        24,
        98
      ],
      [
        21,
        98
      ],
      [
        1,
        20
      ],
      [
        84,
        89
      ],
      [
        28,
        88
      ],
      [
        23,
        34
      ],
      [
        56,
        61
      ],
      [
        58,
        59
      ],
      [
        13,
        34
      ],
      [
        77,
        88
      ],
      [
        77,
        99
      ],
      [
        58,
        77
      ],
      [
        34,
        98
      ],
      [
        15,
        26
      ],
      [
        38,
        97
      ],
      [
        22,
        76
      ],
      [
        6,
        12
      ],
      [
        34,
        40
      ],
      [
        43,
        47
      ],
      [
        31,
        76
      ],
      [
        49,
        51
      ],
      [
        4,
        44
      ],
      [
        43,
        92
      ],
      [
        68,
        97
      ],
      [
        37,
        68
      ],
      [
        19,
        92
      ],
      [
        6,
        90
      ],
      [
        32,
        35
      ],
      [
        77,
        79
      ],
      [
        59,
        77
      ],
      [
        1,
        77
      ],
      [
        36,
        49
      ],
      [
        31,
        40
      ],
      [
        4,
        42
      ],
      [
        42,
        77
      ],
      [
        36,
        96
      ],
      [
        53,
        66
      ],
      [
        8,
        66
      ],
      [
        36,
        53
      ]
    ]
  ]
}