{
  "content_type": "CGSHOP2026_Instance",
  "instance_uid": "example_ps_50_nt4_pfd10_random",
  "points_x": [
    282,
    347,
    915,
    922,
    423,
    94,
    467,
    336,
    465,
    486,
    369,
    809,
    386,
    918,
    909,
    472,
    694,
    939,
    741,
    766,
    279,
    94,
    570,
    999,
    343,
    124,
    851,
    904,
    576,
    127,
    338,
    938,
    309,
    289,
    462,
    724,
    155,
    593,
    879,
    119,
    768,
    602,
    343,
    128,
    650,
    968,
    698,
    772,
    777,
    966
  ],
  "points_y": [
    398,
    668,
    903,
    391,
    912,
    639,
    632,
    13,
    757,
    93,
    232,
    36,
    851,
    426,
    158,
    81,
    122,
    271,
    929,
    298,
    45,
    831,
    497,
    405,
    203,
    526,
    330,
    331,
    445,
    60,
    601,
    591,
    964,
    826,
    801,
    49,
    624,
    462,
    221,
    110,
    173,
    660,
    305,
    1000,
    52,
    9,
    484,
    422,
    925,
    555
  ],
  "triangulations": [
    [
      [
        23,
        45
      ],
      [
        17,
        23
      ],
      [
        17,
        45
      ],
      [
        7,
        29
      ],
      [
        7,
        20
      ],
      [
        30,
        42
      ],
      [
        9,
        42
      ],
      [
        9,
        30
      ],
      [
        29,
        39
      ],
      [
        9,
        16
      ],
      [
        9,
        15
      ],
      [
        15,
        16
      ],
      [
        12,
        32
      ],
      [
        21,
        32
      ],
      [
        12,
        21
      ],
      [
        29,
        42
      ],
      [
        0,
        42
      ],
      [
        0,
        29
      ],
      [
        25,
        39
      ],
      [
        5,
        25
      ],
      [
        5,
        39
      ],
      [
        1,
        30
      ],
      [
        1,
        33
      ],
      [
        30,
        33
      ],
      [
        43,
        48
      ],
      [
        20,
        45
      ],
      [
        25,
        36
      ],
      [
        0,
        25
      ],
      [
        3,
        17
      ],
      [
        9,
        24
      ],
      [
        9,
        10
      ],
      [
        10,
        24
      ],
      [
        26,
        47
      ],
      [
        10,
        42
      ],
      [
        22,
        33
      ],
      [
        38,
        47
      ],
      [
        46,
        47
      ],
      [
        41,
        46
      ],
      [
        1,
        16
      ],
      [
        0,
        39
      ],
      [
        1,
        9
      ],
      [
        13,
        31
      ],
      [
        3,
        13
      ],
      [
        3,
        31
      ],
      [
        5,
        21
      ],
      [
        18,
        43
      ],
      [
        18,
        48
      ],
      [
        32,
        43
      ],
      [
        18,
        32
      ],
      [
        21,
        43
      ],
      [
        4,
        12
      ],
      [
        12,
        34
      ],
      [
        4,
        34
      ],
      [
        4,
        32
      ],
      [
        4,
        18
      ],
      [
        21,
        25
      ],
      [
        15,
        35
      ],
      [
        11,
        15
      ],
      [
        21,
        33
      ],
      [
        21,
        30
      ],
      [
        24,
        29
      ],
      [
        24,
        42
      ],
      [
        38,
        46
      ],
      [
        8,
        46
      ],
      [
        8,
        38
      ],
      [
        34,
        41
      ],
      [
        4,
        41
      ],
      [
        26,
        27
      ],
      [
        3,
        27
      ],
      [
        3,
        26
      ],
      [
        23,
        49
      ],
      [
        17,
        49
      ],
      [
        31,
        48
      ],
      [
        31,
        49
      ],
      [
        48,
        49
      ],
      [
        13,
        48
      ],
      [
        21,
        42
      ],
      [
        12,
        41
      ],
      [
        33,
        37
      ],
      [
        28,
        33
      ],
      [
        16,
        33
      ],
      [
        2,
        48
      ],
      [
        12,
        46
      ],
      [
        2,
        49
      ],
      [
        2,
        23
      ],
      [
        13,
        47
      ],
      [
        13,
        41
      ],
      [
        41,
        47
      ],
      [
        13,
        26
      ],
      [
        14,
        19
      ],
      [
        14,
        17
      ],
      [
        27,
        38
      ],
      [
        17,
        38
      ],
      [
        17,
        27
      ],
      [
        14,
        38
      ],
      [
        19,
        38
      ],
      [
        26,
        38
      ],
      [
        3,
        49
      ],
      [
        13,
        18
      ],
      [
        18,
        41
      ],
      [
        16,
        35
      ],
      [
        15,
        24
      ],
      [
        15,
        29
      ],
      [
        7,
        45
      ],
      [
        11,
        35
      ],
      [
        11,
        40
      ],
      [
        35,
        40
      ],
      [
        22,
        37
      ],
      [
        19,
        37
      ],
      [
        19,
        22
      ],
      [
        11,
        14
      ],
      [
        14,
        40
      ],
      [
        8,
        19
      ],
      [
        8,
        12
      ],
      [
        12,
        19
      ],
      [
        14,
        45
      ],
      [
        11,
        45
      ],
      [
        12,
        22
      ],
      [
        21,
        36
      ],
      [
        0,
        36
      ],
      [
        0,
        21
      ],
      [
        19,
        40
      ],
      [
        37,
        40
      ],
      [
        16,
        28
      ],
      [
        16,
        40
      ],
      [
        28,
        40
      ],
      [
        28,
        37
      ],
      [
        20,
        29
      ],
      [
        20,
        44
      ],
      [
        29,
        44
      ],
      [
        15,
        44
      ],
      [
        44,
        45
      ],
      [
        15,
        45
      ],
      [
        12,
        33
      ],
      [
        6,
        33
      ],
      [
        6,
        12
      ],
      [
        6,
        22
      ]
    ],
    [
      [
        23,
        45
      ],
      [
        17,
        23
      ],
      [
        17,
        45
      ],
      [
        7,
        29
      ],
      [
        7,
        20
      ],
      [
        20,
        29
      ],
      [
        19,
        40
      ],
      [
        19,
        37
      ],
      [
        37,
        40
      ],
      [
        7,
        15
      ],
      [
        10,
        15
      ],
      [
        7,
        10
      ],
      [
        29,
        39
      ],
      [
        6,
        22
      ],
      [
        1,
        6
      ],
      [
        1,
        22
      ],
      [
        33,
        36
      ],
      [
        30,
        36
      ],
      [
        30,
        33
      ],
      [
        0,
        36
      ],
      [
        0,
        42
      ],
      [
        36,
        42
      ],
      [
        14,
        38
      ],
      [
        8,
        38
      ],
      [
        8,
        14
      ],
      [
        25,
        39
      ],
      [
        5,
        25
      ],
      [
        5,
        39
      ],
      [
        13,
        31
      ],
      [
        31,
        48
      ],
      [
        13,
        48
      ],
      [
        43,
        48
      ],
      [
        33,
        43
      ],
      [
        32,
        33
      ],
      [
        32,
        43
      ],
      [
        23,
        31
      ],
      [
        12,
        41
      ],
      [
        6,
        33
      ],
      [
        6,
        32
      ],
      [
        4,
        34
      ],
      [
        5,
        36
      ],
      [
        12,
        47
      ],
      [
        20,
        24
      ],
      [
        20,
        39
      ],
      [
        7,
        44
      ],
      [
        15,
        44
      ],
      [
        30,
        42
      ],
      [
        25,
        36
      ],
      [
        7,
        24
      ],
      [
        5,
        21
      ],
      [
        18,
        43
      ],
      [
        18,
        48
      ],
      [
        17,
        27
      ],
      [
        26,
        27
      ],
      [
        17,
        26
      ],
      [
        18,
        32
      ],
      [
        21,
        43
      ],
      [
        3,
        17
      ],
      [
        17,
        31
      ],
      [
        26,
        38
      ],
      [
        14,
        26
      ],
      [
        8,
        46
      ],
      [
        46,
        47
      ],
      [
        8,
        47
      ],
      [
        4,
        48
      ],
      [
        4,
        13
      ],
      [
        35,
        37
      ],
      [
        44,
        45
      ],
      [
        6,
        12
      ],
      [
        12,
        22
      ],
      [
        26,
        47
      ],
      [
        26,
        46
      ],
      [
        34,
        41
      ],
      [
        3,
        34
      ],
      [
        36,
        43
      ],
      [
        14,
        19
      ],
      [
        22,
        28
      ],
      [
        28,
        37
      ],
      [
        1,
        15
      ],
      [
        9,
        15
      ],
      [
        1,
        9
      ],
      [
        8,
        12
      ],
      [
        4,
        32
      ],
      [
        32,
        48
      ],
      [
        2,
        31
      ],
      [
        2,
        48
      ],
      [
        31,
        49
      ],
      [
        2,
        49
      ],
      [
        23,
        49
      ],
      [
        2,
        23
      ],
      [
        5,
        43
      ],
      [
        1,
        10
      ],
      [
        1,
        30
      ],
      [
        1,
        33
      ],
      [
        10,
        30
      ],
      [
        1,
        28
      ],
      [
        1,
        16
      ],
      [
        13,
        34
      ],
      [
        26,
        45
      ],
      [
        41,
        47
      ],
      [
        27,
        47
      ],
      [
        9,
        44
      ],
      [
        9,
        35
      ],
      [
        9,
        16
      ],
      [
        38,
        46
      ],
      [
        16,
        28
      ],
      [
        16,
        35
      ],
      [
        28,
        35
      ],
      [
        7,
        45
      ],
      [
        11,
        35
      ],
      [
        11,
        40
      ],
      [
        35,
        40
      ],
      [
        12,
        32
      ],
      [
        12,
        34
      ],
      [
        32,
        34
      ],
      [
        11,
        14
      ],
      [
        14,
        40
      ],
      [
        11,
        44
      ],
      [
        35,
        44
      ],
      [
        14,
        45
      ],
      [
        11,
        45
      ],
      [
        3,
        13
      ],
      [
        3,
        31
      ],
      [
        0,
        10
      ],
      [
        0,
        25
      ],
      [
        10,
        25
      ],
      [
        10,
        42
      ],
      [
        24,
        25
      ],
      [
        10,
        24
      ],
      [
        24,
        39
      ],
      [
        3,
        27
      ],
      [
        3,
        41
      ],
      [
        27,
        41
      ],
      [
        22,
        37
      ],
      [
        19,
        22
      ],
      [
        8,
        22
      ],
      [
        8,
        19
      ]
    ],
    [
      [
        23,
        45
      ],
      [
        17,
        23
      ],
      [
        7,
        29
      ],
      [
        3,
        27
      ],
      [
        17,
        27
      ],
      [
        3,
        17
      ],
      [
        21,
        36
      ],
      [
        29,
        39
      ],
      [
        14,
        38
      ],
      [
        14,
        26
      ],
      [
        3,
        13
      ],
      [
        13,
        17
      ],
      [
        15,
        20
      ],
      [
        25,
        36
      ],
      [
        0,
        36
      ],
      [
        11,
        45
      ],
      [
        35,
        45
      ],
      [
        24,
        42
      ],
      [
        0,
        42
      ],
      [
        13,
        27
      ],
      [
        5,
        39
      ],
      [
        17,
        31
      ],
      [
        35,
        44
      ],
      [
        20,
        44
      ],
      [
        20,
        35
      ],
      [
        13,
        41
      ],
      [
        15,
        44
      ],
      [
        9,
        44
      ],
      [
        9,
        16
      ],
      [
        9,
        35
      ],
      [
        5,
        36
      ],
      [
        5,
        21
      ],
      [
        18,
        43
      ],
      [
        18,
        48
      ],
      [
        43,
        48
      ],
      [
        6,
        33
      ],
      [
        6,
        14
      ],
      [
        14,
        33
      ],
      [
        32,
        43
      ],
      [
        18,
        32
      ],
      [
        21,
        43
      ],
      [
        41,
        46
      ],
      [
        27,
        46
      ],
      [
        27,
        41
      ],
      [
        4,
        32
      ],
      [
        4,
        18
      ],
      [
        25,
        29
      ],
      [
        5,
        25
      ],
      [
        5,
        29
      ],
      [
        26,
        46
      ],
      [
        17,
        26
      ],
      [
        17,
        46
      ],
      [
        14,
        46
      ],
      [
        8,
        46
      ],
      [
        8,
        14
      ],
      [
        17,
        47
      ],
      [
        46,
        47
      ],
      [
        1,
        30
      ],
      [
        30,
        42
      ],
      [
        1,
        42
      ],
      [
        34,
        41
      ],
      [
        12,
        34
      ],
      [
        12,
        41
      ],
      [
        8,
        33
      ],
      [
        27,
        47
      ],
      [
        7,
        20
      ],
      [
        7,
        45
      ],
      [
        20,
        45
      ],
      [
        36,
        43
      ],
      [
        36,
        42
      ],
      [
        42,
        43
      ],
      [
        8,
        12
      ],
      [
        12,
        33
      ],
      [
        10,
        42
      ],
      [
        9,
        10
      ],
      [
        9,
        42
      ],
      [
        6,
        22
      ],
      [
        14,
        22
      ],
      [
        9,
        15
      ],
      [
        10,
        15
      ],
      [
        35,
        37
      ],
      [
        22,
        37
      ],
      [
        22,
        35
      ],
      [
        16,
        28
      ],
      [
        1,
        28
      ],
      [
        1,
        16
      ],
      [
        31,
        48
      ],
      [
        2,
        31
      ],
      [
        2,
        48
      ],
      [
        31,
        49
      ],
      [
        2,
        49
      ],
      [
        4,
        48
      ],
      [
        23,
        49
      ],
      [
        2,
        23
      ],
      [
        4,
        31
      ],
      [
        32,
        34
      ],
      [
        32,
        41
      ],
      [
        16,
        42
      ],
      [
        14,
        45
      ],
      [
        17,
        45
      ],
      [
        14,
        17
      ],
      [
        13,
        31
      ],
      [
        4,
        13
      ],
      [
        22,
        28
      ],
      [
        1,
        22
      ],
      [
        20,
        24
      ],
      [
        0,
        24
      ],
      [
        0,
        20
      ],
      [
        33,
        42
      ],
      [
        33,
        43
      ],
      [
        12,
        32
      ],
      [
        12,
        43
      ],
      [
        14,
        40
      ],
      [
        40,
        45
      ],
      [
        38,
        46
      ],
      [
        26,
        38
      ],
      [
        11,
        35
      ],
      [
        11,
        40
      ],
      [
        35,
        40
      ],
      [
        16,
        35
      ],
      [
        28,
        35
      ],
      [
        23,
        31
      ],
      [
        4,
        41
      ],
      [
        10,
        24
      ],
      [
        15,
        24
      ],
      [
        37,
        40
      ],
      [
        12,
        46
      ],
      [
        19,
        40
      ],
      [
        19,
        37
      ],
      [
        30,
        33
      ],
      [
        19,
        22
      ],
      [
        14,
        19
      ],
      [
        1,
        33
      ],
      [
        22,
        33
      ],
      [
        20,
        29
      ],
      [
        20,
        25
      ],
      [
        0,
        25
      ]
    ],
    [
      [
        9,
        35
      ],
      [
        12,
        47
      ],
      [
        17,
        23
      ],
      [
        29,
        39
      ],
      [
        5,
        29
      ],
      [
        19,
        40
      ],
      [
        3,
        41
      ],
      [
        33,
        36
      ],
      [
        0,
        33
      ],
      [
        10,
        42
      ],
      [
        27,
        41
      ],
      [
        3,
        27
      ],
      [
        7,
        29
      ],
      [
        27,
        34
      ],
      [
        1,
        16
      ],
      [
        17,
        27
      ],
      [
        3,
        17
      ],
      [
        9,
        44
      ],
      [
        12,
        17
      ],
      [
        12,
        27
      ],
      [
        26,
        38
      ],
      [
        21,
        36
      ],
      [
        12,
        32
      ],
      [
        5,
        39
      ],
      [
        14,
        45
      ],
      [
        23,
        45
      ],
      [
        14,
        23
      ],
      [
        5,
        21
      ],
      [
        18,
        43
      ],
      [
        18,
        48
      ],
      [
        43,
        48
      ],
      [
        21,
        33
      ],
      [
        33,
        43
      ],
      [
        21,
        43
      ],
      [
        32,
        43
      ],
      [
        18,
        32
      ],
      [
        26,
        47
      ],
      [
        17,
        26
      ],
      [
        17,
        47
      ],
      [
        4,
        32
      ],
      [
        4,
        18
      ],
      [
        25,
        29
      ],
      [
        24,
        29
      ],
      [
        24,
        25
      ],
      [
        2,
        48
      ],
      [
        2,
        18
      ],
      [
        8,
        12
      ],
      [
        12,
        43
      ],
      [
        8,
        43
      ],
      [
        25,
        36
      ],
      [
        0,
        25
      ],
      [
        0,
        36
      ],
      [
        46,
        47
      ],
      [
        26,
        46
      ],
      [
        16,
        35
      ],
      [
        16,
        30
      ],
      [
        30,
        35
      ],
      [
        8,
        33
      ],
      [
        0,
        24
      ],
      [
        24,
        42
      ],
      [
        0,
        42
      ],
      [
        23,
        41
      ],
      [
        23,
        49
      ],
      [
        41,
        49
      ],
      [
        14,
        40
      ],
      [
        35,
        40
      ],
      [
        14,
        35
      ],
      [
        22,
        28
      ],
      [
        6,
        22
      ],
      [
        6,
        28
      ],
      [
        38,
        46
      ],
      [
        8,
        46
      ],
      [
        8,
        38
      ],
      [
        28,
        37
      ],
      [
        22,
        37
      ],
      [
        10,
        24
      ],
      [
        15,
        24
      ],
      [
        10,
        15
      ],
      [
        15,
        44
      ],
      [
        15,
        20
      ],
      [
        20,
        44
      ],
      [
        13,
        23
      ],
      [
        3,
        13
      ],
      [
        3,
        23
      ],
      [
        30,
        42
      ],
      [
        9,
        42
      ],
      [
        9,
        30
      ],
      [
        7,
        20
      ],
      [
        7,
        35
      ],
      [
        20,
        35
      ],
      [
        21,
        25
      ],
      [
        21,
        29
      ],
      [
        2,
        49
      ],
      [
        2,
        23
      ],
      [
        0,
        30
      ],
      [
        16,
        28
      ],
      [
        6,
        16
      ],
      [
        9,
        15
      ],
      [
        15,
        42
      ],
      [
        35,
        44
      ],
      [
        6,
        33
      ],
      [
        16,
        33
      ],
      [
        1,
        30
      ],
      [
        1,
        33
      ],
      [
        30,
        33
      ],
      [
        14,
        38
      ],
      [
        14,
        17
      ],
      [
        17,
        38
      ],
      [
        8,
        47
      ],
      [
        11,
        35
      ],
      [
        11,
        14
      ],
      [
        20,
        29
      ],
      [
        15,
        29
      ],
      [
        34,
        41
      ],
      [
        34,
        49
      ],
      [
        16,
        40
      ],
      [
        13,
        41
      ],
      [
        7,
        11
      ],
      [
        7,
        45
      ],
      [
        18,
        49
      ],
      [
        6,
        8
      ],
      [
        6,
        38
      ],
      [
        18,
        31
      ],
      [
        31,
        49
      ],
      [
        6,
        14
      ],
      [
        11,
        45
      ],
      [
        4,
        12
      ],
      [
        12,
        18
      ],
      [
        12,
        34
      ],
      [
        18,
        34
      ],
      [
        28,
        40
      ],
      [
        37,
        40
      ],
      [
        6,
        19
      ],
      [
        14,
        19
      ],
      [
        19,
        37
      ],
      [
        19,
        22
      ],
      [
        31,
        34
      ]
    ]
  ]
}